video_name,action_class_00,action_class_01,action_class_02,action_class_03,action_class_04,action_class_05,action_class_06,action_class_07,action_class_08,action_class_09,action_class_10,action_class_11,action_class_12,action_class_13,action_class_14,action_class_15,action_class_16,action_class_17,action_class_18,action_class_19,action_class_20,action_class_21,action_class_22,action_class_23,action_class_24,action_class_25,action_class_26,action_class_27,action_class_28,action_class_29,action_class_30,action_class_31,action_class_32,action_class_33,action_class_34,action_class_35,action_class_36,action_class_37,action_class_38,action_class_39,action_class_40,action_class_41,action_class_42,action_class_43,action_class_44,action_class_45,action_class_46,action_class_47,action_class_48,action_class_49,action_class_50,action_class_51
004_t1_20230217,0.0,0.0,0.0,0.0,0.0020871088818077968,0.03965506875434815,0.0,0.0,0.08348435527231188,0.23166908588066545,0.26506282798959024,0.0020871088818077968,0.0,0.0,0.0,0.0,0.0,0.0,0.0,0.0,0.0,0.0,0.13566207731750682,0.0,0.0,0.0,0.0,0.0,0.0,0.0,0.0,0.0,0.0,0.0,0.0,0.0,0.0,0.0,0.0,0.24001752140789664,0.0,0.0,0.0,0.0,0.0,0.0,0.0,0.0,0.0,0.0,0.0020871088818077968,0.0
005_t1_20230519,0.0,0.0,0.0,0.0,0.0,0.002976190476190476,0.0,0.0,0.0,0.12202380952380952,0.27976190476190477,0.005952380952380952,0.0,0.0,0.0,0.0,0.0,0.0,0.0,0.0,0.0,0.0,0.06845238095238095,0.0,0.0,0.0,0.0,0.0,0.0,0.0,0.0,0.0,0.0,0.0,0.0,0.0,0.0,0.0,0.0,0.5208333333333334,0.0,0.0,0.0,0.0,0.0,0.0,0.0,0.0,0.0,0.0,0.0,0.0
007_t1_20230302,0.0,0.0,0.0,0.0,0.0033003300330033,0.0165016501650165,0.0,0.0,0.2541254125412541,0.1683168316831683,0.3663366336633663,0.0,0.0033003300330033,0.0,0.0,0.0,0.0,0.0,0.0,0.0,0.0,0.0,0.066006600660066,0.0,0.0,0.0,0.0,0.0,0.0,0.0,0.0,0.0,0.0,0.0,0.0,0.0,0.0,0.0,0.0,0.11551155115511551,0.0,0.0,0.0,0.0,0.0,0.0,0.0,0.0,0.0,0.0,0.0066006600660066,0.0
008_t1_20230327,0.0,0.0,0.0,0.0,0.007524064233215028,0.027274732845404475,0.0009405080291518784,0.0,0.17023195327649,0.04044184525353078,0.31601069779503116,0.0,0.0009405080291518784,0.0,0.0,0.0,0.0,0.0,0.0,0.0,0.0009405080291518784,0.0,0.19468516203443884,0.0009405080291518784,0.0009405080291518784,0.0,0.0,0.0,0.0,0.0,0.0,0.0,0.0,0.0,0.0,0.0,0.0,0.0,0.0,0.22007887882153954,0.0,0.0,0.0,0.0,0.0,0.0,0.0,0.0,0.0,0.0,0.019750668612189447,0.0
013_t1_20230310,0.0,0.0,0.0,0.0,0.0012437810945273632,0.008706467661691543,0.0,0.0,0.1044776119402985,0.08084577114427861,0.2997512437810945,0.0024875621890547263,0.0024875621890547263,0.0,0.0,0.0,0.0,0.0,0.0,0.0,0.0,0.0,0.21641791044776118,0.0,0.0,0.0,0.0,0.0,0.0,0.0,0.0,0.0,0.0,0.0,0.0,0.0,0.0,0.0,0.0,0.27487562189054726,0.0,0.0,0.0,0.0,0.0,0.0,0.0,0.0,0.0,0.0,0.008706467661691543,0.0
028_t1_20230315,0.0,0.0,0.0,0.0,0.0036900369003690036,0.0,0.0,0.0,0.08856088560885608,0.04428044280442804,0.6309963099630996,0.0,0.0,0.0,0.0,0.0,0.0,0.0,0.0,0.0,0.0,0.0,0.08118081180811808,0.0,0.0,0.0,0.0,0.0,0.0,0.0,0.0,0.0,0.0,0.0,0.0,0.0,0.0,0.0,0.0,0.15129151291512913,0.0,0.0,0.0,0.0,0.0,0.0,0.0,0.0,0.0,0.0,0.0,0.0
044_t1_2023-01-18_12-26-49,0.0,0.0,0.0,0.0,0.0013368211712864015,0.005347284685145606,0.0,0.0,0.010694569370291212,0.08421973379104329,0.3515839680483236,0.0013368211712864015,0.0,0.0,0.0,0.0,0.0,0.0,0.0,0.0,0.0,0.0006684105856432007,0.24263304258848187,0.0,0.0,0.0,0.0,0.0,0.0,0.0,0.0,0.0,0.0,0.0,0.0,0.0,0.0,0.0,0.0,0.30212158471072675,0.0,0.0,0.0,0.0,0.0,0.0,0.0,0.0,0.0,0.0,0.0006684105856432007,0.0
052_t1_20230627,0.0,0.0,0.0,0.0,0.004166666666666667,0.029166666666666664,0.0,0.0,0.008333333333333333,0.0,0.175,0.0,0.0,0.0,0.0,0.0,0.0,0.0,0.0,0.0,0.0,0.0,0.35,0.0,0.0,0.0,0.0,0.0,0.0,0.0,0.0,0.0,0.0,0.0,0.0,0.0,0.0,0.0,0.0,0.42916666666666664,0.0,0.0,0.0,0.0,0.0,0.0,0.0,0.0,0.0,0.0,0.004166666666666667,0.0
060_t1_20230626,0.0,0.0,0.0,0.0,0.0011655011655011655,0.07459207459207459,0.0,0.0,0.1655011655011655,0.08857808857808858,0.20279720279720279,0.002331002331002331,0.0011655011655011655,0.0,0.0,0.0,0.0,0.0,0.0,0.0,0.0,0.0,0.1911421911421911,0.003496503496503496,0.0,0.0,0.0,0.0,0.0,0.0,0.0,0.0,0.0,0.0,0.0,0.0,0.0,0.0,0.0,0.26689976689976685,0.0,0.0,0.0,0.0,0.0,0.0,0.0,0.0,0.0,0.0,0.002331002331002331,0.0
071_t1_20230721,0.0,0.0,0.0,0.0,0.0029154518950437313,0.02040816326530612,0.043731778425655975,0.0,0.005830903790087463,0.005830903790087463,0.8075801749271135,0.0029154518950437313,0.0029154518950437313,0.0,0.0,0.0,0.0,0.0,0.0,0.0,0.0,0.0,0.02623906705539358,0.0,0.0,0.0,0.0,0.0,0.0,0.0,0.0,0.0,0.0,0.0,0.0,0.0,0.0,0.0,0.0,0.06122448979591836,0.0,0.0,0.0,0.0,0.0,0.0,0.0,0.0,0.0,0.0,0.02040816326530612,0.0
074_t1_20230704,0.0,0.0,0.0,0.0,0.001763668430335097,0.01763668430335097,0.0,0.0,0.06878306878306878,0.05467372134038801,0.13580246913580246,0.003527336860670194,0.0,0.001763668430335097,0.0,0.0,0.0,0.0,0.0,0.0,0.0,0.0,0.3509700176366843,0.003527336860670194,0.0,0.0,0.0,0.0,0.0,0.0,0.0,0.0,0.0,0.0,0.0,0.0,0.0,0.0,0.0,0.34391534391534395,0.0,0.0,0.0,0.0,0.0,0.0,0.0,0.0,0.0,0.0,0.01763668430335097,0.0
077_t1_20230414,0.0,0.0,0.0,0.0,0.00351493848857645,0.0281195079086116,0.008787346221441126,0.0,0.07205623901581722,0.03163444639718805,0.5079086115992971,0.0,0.0070298769771529,0.0,0.0,0.0,0.0,0.0,0.0,0.0,0.0,0.0,0.08260105448154657,0.0,0.0,0.0,0.0,0.0,0.0,0.0,0.0,0.0,0.0,0.0,0.0,0.0,0.0,0.0,0.0,0.22671353251318102,0.0,0.0,0.0,0.0,0.0,0.0,0.0,0.0,0.0,0.0,0.03163444639718805,0.0
093_t1_OBS_2023-03-09,0.0,0.0,0.0,0.0,0.0,0.29432013769363163,0.0,0.037865748709122196,0.032702237521514625,0.10671256454388983,0.1686746987951807,0.0,0.020654044750430287,0.0,0.0,0.0,0.0,0.0,0.0,0.0,0.0,0.001721170395869191,0.01721170395869191,0.0,0.0,0.0,0.0,0.0,0.0,0.0,0.0,0.0,0.0,0.0,0.0,0.0,0.0,0.0,0.0,0.3201376936316695,0.0,0.0,0.0,0.0,0.0,0.0,0.0,0.0,0.0,0.0,0.0,0.0
094_t1_20230214,0.0,0.0,0.0,0.0,0.0,0.2055428400835904,0.0,0.03224201413075928,0.2821176236441437,0.19345208478455567,0.01209075529903473,0.0,0.00403025176634491,0.0,0.0,0.0,0.0,0.0,0.0,0.0,0.0,0.0,0.02015125883172455,0.0,0.0,0.0,0.0,0.0,0.0,0.0,0.0,0.0,0.0,0.0,0.0,0.0,0.0,0.0,0.0,0.2539058612797293,0.0,0.0,0.0,0.0,0.0,0.0,0.0,0.0,0.0,0.0,0.0,0.0
096_t1_20230505_1,0.0,0.0,0.0,0.0,0.0,0.05322415557830092,0.0,0.0,0.10337768679631525,0.00511770726714432,0.3408393039918116,0.0,0.0,0.0,0.0,0.0,0.0,0.0,0.0,0.0,0.0,0.0,0.27226202661207777,0.0010235414534288639,0.0,0.0,0.0,0.0,0.0,0.0,0.0,0.0,0.0,0.0,0.0,0.0,0.0,0.0,0.0,0.22006141248720573,0.0,0.0,0.0,0.0,0.0,0.0,0.0,0.0,0.0,0.0010235414534288639,0.0030706243602865915,0.0
096_t1_20230512_2,0.0,0.0,0.0,0.0,0.0,0.018473895582329317,0.0,0.0,0.1437751004016064,0.04578313253012048,0.35983935742971884,0.0,0.004016064257028112,0.0,0.0,0.0,0.0,0.0,0.0,0.0,0.0,0.0,0.1493975903614458,0.0024096385542168672,0.0,0.0,0.0,0.0,0.0,0.0,0.0,0.0,0.0,0.0,0.0,0.0,0.0,0.0,0.0,0.26345381526104417,0.0,0.0,0.0,0.0,0.0,0.0,0.0,0.0,0.0,0.0,0.012851405622489959,0.0
1006_t1_20241107,0.0,0.0,0.0,0.0,0.003679866737336261,0.06255773453471644,0.018399333686681306,0.0,0.03679866737336261,0.0,0.7286136139925797,0.0,0.011039600212008782,0.0,0.0,0.0,0.0,0.0,0.0,0.0,0.0,0.003679866737336261,0.06623760127205269,0.0,0.0,0.0,0.0,0.0,0.0,0.0,0.0,0.0,0.0,0.0,0.0,0.0,0.0,0.0,0.0,0.06623760127205269,0.0,0.0,0.0,0.0,0.0,0.0,0.0,0.0,0.0,0.0,0.003679866737336261,0.0
100_t1_20230323,0.0,0.0,0.0,0.0,0.005914819299836308,0.02070186754942708,0.001478704824959077,0.0,0.16265753074549846,0.01035093377471354,0.555993014184613,0.001478704824959077,0.001478704824959077,0.0,0.0,0.0,0.0,0.0,0.0,0.0,0.0,0.001478704824959077,0.11829638599672616,0.0,0.001478704824959077,0.0,0.0,0.0,0.0,0.0,0.0,0.0,0.0,0.0,0.0,0.0,0.0,0.0,0.0,0.053233373698526765,0.0,0.0,0.0,0.0,0.0,0.0,0.0,0.0,0.0,0.001478704824959077,0.06506301229819939,0.0
1014_t1_20241119,0.0,0.0,0.0,0.0,0.0033557046979865767,0.036912751677852344,0.016778523489932886,0.0,0.06711409395973154,0.026845637583892613,0.5536912751677852,0.0,0.0033557046979865767,0.0,0.0,0.0,0.0,0.0,0.0,0.0,0.0,0.0,0.1711409395973154,0.026845637583892613,0.0,0.0,0.0,0.0,0.0,0.0,0.0,0.0,0.0,0.0,0.0,0.0,0.0,0.0,0.0,0.08724832214765099,0.0,0.0,0.0,0.0,0.0,0.0,0.0,0.0,0.0,0.0,0.006711409395973153,0.0
1016_t1_20241205,0.0,0.0,0.0,0.0,0.006230529595015576,0.006230529595015576,0.0,0.0,0.009345794392523364,0.12149532710280374,0.4205607476635514,0.003115264797507788,0.006230529595015576,0.0,0.0,0.0,0.0,0.0,0.0,0.0,0.0,0.0,0.09034267912772585,0.0,0.0,0.0,0.0,0.0,0.0,0.0,0.0,0.0,0.0,0.0,0.0,0.0,0.0,0.0,0.0,0.3364485981308411,0.0,0.0,0.0,0.0,0.0,0.0,0.0,0.0,0.0,0.0,0.0,0.0
1017_t1_20241202,0.0,0.0,0.0,0.0,0.0,0.013490725126475547,0.0,0.0,0.0,0.050590219224283306,0.47217537942664417,0.003372681281618887,0.008431703204047217,0.0,0.0,0.0,0.0,0.0,0.0,0.0,0.0,0.0,0.32546374367622255,0.03709949409780775,0.0,0.0,0.0,0.0,0.0,0.0,0.0,0.0,0.0,0.0,0.0,0.0,0.0,0.0,0.0,0.08937605396290049,0.0,0.0,0.0,0.0,0.0,0.0,0.0,0.0,0.0,0.0,0.0,0.0
1024_t1_20241104,0.0,0.0,0.0,0.0,0.0031018372748083155,0.0020678915165388773,0.0,0.0,0.11063219613482993,0.04859545063866361,0.35774523236122574,0.02067891516538877,0.0,0.0,0.0,0.0,0.0,0.0,0.0,0.0,0.0,0.0,0.13234505705848815,0.0020678915165388773,0.0,0.0,0.0,0.0,0.0,0.0,0.0,0.0,0.0,0.0,0.0,0.0,0.0,0.0,0.0,0.32052318506352595,0.0,0.0,0.0,0.0,0.0,0.0,0.0,0.0,0.0,0.0010339457582694386,0.0020678915165388773,0.0
1025_t1_20241203,0.0,0.0,0.0,0.0,0.0,0.013472605701739797,0.0,0.0,0.018861647982435715,0.17514387412261734,0.12933701473670203,0.005389042280695918,0.005389042280695918,0.0,0.0,0.0,0.0,0.0,0.0,0.0,0.0,0.0,0.20747812780679284,0.005389042280695918,0.0,0.0,0.0,0.0,0.0,0.0,0.0,0.0,0.0,0.0,0.0,0.0,0.0,0.0,0.0,0.4419014670170653,0.0,0.0,0.0,0.0,0.0,0.0,0.0,0.0,0.0,0.0,0.0,0.0
1028_t1_20241118,0.0,0.0,0.0,0.0,0.0,0.004210526315789474,0.0,0.0,0.14947368421052631,0.03368421052631579,0.43999999999999995,0.0,0.0,0.0,0.0,0.0,0.0,0.0,0.0,0.0,0.0,0.0,0.3305263157894737,0.0,0.0,0.0,0.0,0.0,0.0,0.0,0.0,0.0,0.0,0.0,0.0,0.0,0.0,0.0,0.0,0.042105263157894736,0.0,0.0,0.0,0.0,0.0,0.0,0.0,0.0,0.0,0.0,0.0,0.0
1029_t1_20241104,0.0,0.0,0.0,0.0,0.005244340213082794,0.03845849489594049,0.0,0.0,0.0,0.03146604127849676,0.2132698353320336,0.0,0.0017481134043609314,0.0,0.0,0.0,0.0,0.0,0.0,0.0,0.0,0.0,0.2132698353320336,0.0069924536174437255,0.0,0.0,0.0,0.0,0.0,0.0,0.0,0.0,0.0,0.0,0.0,0.0,0.0,0.0,0.0,0.4877236398166999,0.0,0.0,0.0,0.0,0.0,0.0,0.0,0.0,0.0,0.0017481134043609314,0.0017481134043609314,0.0
1034_t1_20241213,0.0,0.0,0.0,0.0,0.002246401597441136,0.013478409584646814,0.0,0.0,0.21340815175690792,0.14601610383367383,0.1886977341850554,0.0,0.0,0.0,0.0,0.0,0.0,0.0,0.0,0.0,0.0,0.002246401597441136,0.3706562635777874,0.002246401597441136,0.0,0.0,0.0,0.0,0.0,0.0,0.0,0.0,0.0,0.0,0.0,0.0,0.0,0.0,0.0,0.05166723674114612,0.0,0.0,0.0,0.0,0.0,0.0,0.0,0.0,0.0,0.002246401597441136,0.008985606389764544,0.0
1037_t1_20250130,0.0,0.0,0.0,0.0,0.0,0.006941518421447292,0.0,0.0,0.013883036842894584,0.1579195440879259,0.33145750462410817,0.0,0.0,0.0,0.0,0.0,0.0,0.0,0.0,0.0,0.0,0.001735379605361823,0.18568561777371506,0.001735379605361823,0.0,0.0,0.0,0.0,0.0,0.0,0.0,0.0,0.0,0.0,0.0,0.0,0.0,0.0,0.0,0.2169224506702279,0.0,0.0,0.0,0.0,0.0,0.0,0.0,0.0,0.0,0.0,0.08503360066272933,0.0
1040_t1_20241119,0.0,0.0,0.0,0.0,0.0,0.03660886319845858,0.0,0.0,0.005780346820809248,0.021194605009633914,0.31406551059730253,0.0019267822736030828,0.0,0.0,0.0,0.0,0.0,0.0,0.0,0.0,0.0,0.0,0.510597302504817,0.02504816955684008,0.0,0.0,0.0,0.0,0.0,0.0,0.0,0.0,0.0,0.0,0.0,0.0,0.0,0.0,0.0,0.08285163776493257,0.0,0.0,0.0,0.0,0.0,0.0,0.0,0.0,0.0,0.0019267822736030828,0.0,0.0
1053_t1_20241206,0.0,0.0,0.0,0.0,0.0032362459546925564,0.0048543689320388345,0.0,0.0,0.09223300970873786,0.011326860841423947,0.7427184466019416,0.0,0.0,0.0,0.0,0.0,0.0,0.0,0.0,0.0,0.0,0.0,0.11488673139158576,0.0,0.0,0.0,0.0,0.0,0.0,0.0,0.0,0.0,0.0,0.0,0.0,0.0,0.0,0.0,0.0,0.019417475728155338,0.0,0.0,0.0,0.0,0.0,0.0,0.0,0.0,0.0,0.0,0.011326860841423947,0.0
1055_t1_20241122,0.0,0.0,0.0,0.0,0.002715478225887559,0.005430956451775118,0.0,0.0,0.021723825807100472,0.010861912903550236,0.8689530322840189,0.0,0.0,0.0,0.0,0.0,0.0,0.0,0.0,0.0,0.0,0.0,0.043447651614200944,0.019008347581212913,0.0,0.0,0.0,0.0,0.0,0.0,0.0,0.0,0.0,0.0,0.0,0.0,0.0,0.0,0.0,0.029870260484763145,0.0,0.0,0.0,0.0,0.0,0.0,0.0,0.0,0.0,0.0,0.0,0.0
1060_t1_20250131,0.0,0.0,0.0,0.0,0.008130081300813007,0.03252032520325203,0.0,0.0,0.02090592334494773,0.12311265969802553,0.49361207897793263,0.0,0.0,0.0,0.0,0.0,0.0,0.002322880371660859,0.0,0.0,0.0,0.0,0.11033681765389082,0.005807200929152149,0.0,0.0011614401858304295,0.0,0.0,0.0,0.0,0.0,0.0,0.0,0.0,0.0,0.0,0.0,0.0,0.0,0.20209059233449475,0.0,0.0,0.0,0.0,0.0,0.0,0.0,0.0,0.0,0.0,0.0,0.0
1061_t1_20241202,0.0,0.0,0.0,0.0,0.012345679012345678,0.02222222222222222,0.0,0.0,0.007407407407407407,0.17037037037037037,0.13086419753086417,0.0,0.0,0.0,0.0,0.0,0.0,0.0,0.0,0.0,0.0,0.0,0.33086419753086416,0.0049382716049382715,0.0,0.0,0.0,0.0,0.0,0.0,0.0,0.0,0.0,0.0,0.0,0.0,0.0,0.0,0.0,0.3185185185185185,0.0,0.0,0.0,0.0,0.0,0.0,0.0,0.0,0.0,0.0,0.0024691358024691358,0.0
1068_t1_2024_11_24,0.0,0.0,0.0,0.0,0.0,0.024390243902439022,0.0,0.0,0.1768292682926829,0.033536585365853654,0.3109756097560975,0.0,0.0030487804878048777,0.0,0.0,0.0,0.0,0.0,0.0,0.0,0.0,0.0,0.2195121951219512,0.0,0.0,0.0,0.0,0.0,0.0,0.0,0.0,0.0,0.0,0.0,0.0,0.0,0.0,0.0,0.0,0.22865853658536583,0.0,0.0,0.0,0.0,0.0,0.0,0.0,0.0,0.0,0.0,0.0030487804878048777,0.0
1069_t1_20241120,0.0,0.0,0.0,0.0,0.0010590911864436327,0.006354547118661796,0.0,0.0021181823728872655,0.05401365050862527,0.07837274779682883,0.4691773955945293,0.0021181823728872655,0.0021181823728872655,0.0,0.0,0.0,0.0,0.0,0.0,0.0,0.0,0.0010590911864436327,0.11861821288168686,0.02435909728820355,0.0,0.0,0.0,0.0,0.0,0.0,0.0,0.0,0.0,0.0,0.0,0.0,0.0,0.0,0.0,0.24147279050914827,0.0,0.0,0.0,0.0,0.0,0.0,0.0,0.0,0.0,0.0,0.0,0.0
1075_t1_20250107,0.0,0.0,0.0,0.0,0.009421265141318975,0.1493943472409152,0.001345895020188425,0.004037685060565275,0.02557200538358008,0.25975773889636605,0.10363391655450874,0.00269179004037685,0.012113055181695826,0.0,0.0,0.0,0.0,0.0,0.0,0.0,0.0,0.047106325706594884,0.048452220726783304,0.004037685060565275,0.0,0.0,0.0,0.0,0.0,0.0,0.0,0.0,0.0,0.0,0.0,0.0,0.0,0.0,0.0,0.332436069986541,0.0,0.0,0.0,0.0,0.0,0.0,0.0,0.0,0.0,0.0,0.0,0.0
1076_t1_20250110,0.0,0.0,0.0,0.0,0.0,0.02629941286290213,0.0,0.0,0.07670662085013122,0.0788982385887064,0.28052707053762277,0.0,0.0,0.0,0.0,0.0,0.0,0.0,0.0,0.0,0.0,0.0,0.16656294813171352,0.004383235477150356,0.0,0.0,0.0,0.0,0.0,0.0,0.0,0.0,0.0,0.0,0.0,0.0,0.0,0.0,0.0,0.3506588381720285,0.0,0.0,0.0,0.0,0.0,0.0,0.0,0.0,0.0,0.0,0.017532941908601423,0.0
1104_t1_20250120,0.0,0.0,0.0,0.0,0.0083739322590233,0.03977617823036068,0.0010467415323779125,0.0,0.014654381453290772,0.21772223873460578,0.39357481617409507,0.0,0.0,0.0,0.0,0.0,0.0,0.0,0.0,0.0,0.0,0.0,0.1768993189718672,0.00418696612951165,0.0,0.0,0.0,0.0,0.0,0.0,0.0,0.0,0.0,0.0,0.0,0.0,0.0,0.0,0.0,0.14445033146815192,0.0,0.0,0.0,0.0,0.0,0.0,0.0,0.0,0.0,0.0,0.0,0.0
1111_t1_20250206,0.0,0.0,0.0,0.0,0.0,0.006896551724137931,0.0,0.0,0.008620689655172414,0.20344827586206896,0.40172413793103445,0.0,0.0017241379310344827,0.0,0.0,0.0,0.0,0.0,0.0,0.0,0.0,0.0,0.1810344827586207,0.0,0.0,0.0,0.0,0.0,0.0,0.0,0.0,0.0,0.0,0.0,0.0,0.0,0.0,0.0,0.0,0.19655172413793104,0.0,0.0,0.0,0.0,0.0,0.0,0.0,0.0,0.0,0.0,0.0,0.0
114_t1_16052023,0.0,0.0,0.0,0.0,0.0012690355329949238,0.016497461928934008,0.006345177664974619,0.0,0.11167512690355329,0.1763959390862944,0.34644670050761417,0.0,0.0025380710659898475,0.0,0.0,0.0,0.0,0.0,0.0,0.0,0.0,0.0,0.08502538071065989,0.0,0.0,0.0,0.0,0.0,0.0,0.0,0.0,0.0,0.0,0.0,0.0,0.0,0.0,0.0,0.0,0.25380710659898476,0.0,0.0,0.0,0.0,0.0,0.0,0.0,0.0,0.0,0.0,0.0,0.0
115_t1_20230228,0.0,0.0,0.0,0.0,0.0021119966625237924,0.0,0.0021119966625237924,0.0,0.06335989987571378,0.0,0.9292785315104688,0.0,0.0,0.0,0.0,0.0,0.0,0.0,0.0,0.0,0.0,0.0,0.0,0.0,0.0,0.0,0.0,0.0,0.0,0.0,0.0,0.0,0.0,0.0,0.0,0.0,0.0,0.0,0.0,0.004223993325047585,0.0,0.0,0.0,0.0,0.0,0.0,0.0,0.0,0.0,0.0,0.0,0.0
117_t1_20230124,0.0,0.0,0.0,0.0,0.0,0.027149321266968323,0.0,0.0,0.10859728506787329,0.058823529411764705,0.3031674208144796,0.0,0.004524886877828055,0.0,0.0,0.0,0.0,0.0,0.0,0.0,0.0,0.0,0.23755656108597287,0.004524886877828055,0.0,0.0,0.0,0.0,0.0,0.0,0.0,0.0,0.0,0.0,0.0,0.0,0.0,0.0,0.0,0.23529411764705882,0.0,0.0,0.0,0.0,0.0,0.0,0.0,0.0,0.0,0.0,0.02036199095022624,0.0
119_t1_20230222,0.0,0.0,0.0,0.0,0.006224066390041493,0.03112033195020747,0.0995850622406639,0.0,0.008298755186721992,0.06639004149377593,0.23236514522821577,0.004149377593360996,0.0,0.0,0.0,0.0,0.0,0.0,0.0,0.0,0.0,0.0,0.07676348547717843,0.002074688796680498,0.0,0.0,0.0,0.0,0.0,0.0,0.0,0.0,0.0,0.0,0.0,0.0,0.0,0.0,0.0,0.4730290456431535,0.0,0.0,0.0,0.0,0.0,0.0,0.0,0.0,0.0,0.0,0.0,0.0
120_t1_20230201,0.0,0.0,0.0,0.0,0.011712536752301536,0.07905962307803537,0.0,0.0,0.005856268376150768,0.11712536752301536,0.30159782137176455,0.0,0.002928134188075384,0.0,0.0,0.0,0.0,0.0,0.0,0.0,0.0,0.0,0.2693883453029353,0.002928134188075384,0.0,0.0,0.0,0.0,0.0,0.0,0.0,0.0,0.0,0.0,0.0,0.0,0.0,0.0,0.0,0.21082566154142762,0.0,0.0,0.0,0.0,0.0,0.0,0.0,0.0,0.0,0.0,0.0,0.0
121_t1_20230223,0.0,0.0,0.0,0.0,0.0018691588785046728,0.05794392523364486,0.014953271028037382,0.0,0.0691588785046729,0.05046728971962616,0.5420560747663551,0.0,0.0037383177570093455,0.0,0.0,0.0,0.0,0.0,0.0,0.0,0.0,0.0,0.07850467289719626,0.0,0.0,0.0,0.0,0.0,0.0,0.0,0.0,0.0,0.0,0.0,0.0,0.0,0.0,0.0,0.0,0.18130841121495325,0.0,0.0,0.0,0.0,0.0,0.0,0.0,0.0,0.0,0.0,0.0,0.0
123_t1_20230131,0.0,0.0,0.0,0.0,0.0,0.007352941176470587,0.0,0.0,0.02941176470588235,0.00980392156862745,0.6397058823529411,0.0,0.0,0.0,0.0,0.0,0.0,0.0,0.0,0.0,0.0,0.0,0.0784313725490196,0.0,0.0,0.0,0.0,0.0,0.0,0.0,0.0,0.0,0.0,0.0,0.0,0.0,0.0,0.0,0.0,0.2352941176470588,0.0,0.0,0.0,0.0,0.0,0.0,0.0,0.0,0.0,0.0,0.0,0.0
124_t1_20230202,0.0,0.0,0.0,0.0,0.0010703478410247149,0.025688348184593156,0.0010703478410247149,0.0,0.006422087046148289,0.0214069568204943,0.28471252571257416,0.0,0.0010703478410247149,0.0,0.0,0.0,0.0,0.0,0.0,0.0,0.0,0.0,0.46453096300472624,0.0021406956820494297,0.0,0.0,0.0,0.0,0.0,0.0,0.0,0.0,0.0,0.0,0.0,0.0,0.0,0.0,0.0,0.07385400103070533,0.0,0.0,0.0,0.0,0.0,0.0,0.0,0.0,0.0,0.0,0.11880861035374335,0.0
125_t1_20230201,0.0,0.0,0.0,0.0,0.0019083969465648856,0.0038167938931297713,0.0,0.0,0.0648854961832061,0.026717557251908396,0.3435114503816794,0.0019083969465648856,0.0,0.0,0.0,0.0,0.0,0.0,0.0,0.0,0.0,0.0,0.20610687022900764,0.0,0.0,0.0,0.0,0.0,0.0,0.0,0.0,0.0,0.0,0.0,0.0,0.0,0.0,0.0,0.0,0.3511450381679389,0.0,0.0,0.0,0.0,0.0,0.0,0.0,0.0,0.0,0.0,0.0,0.0
129_t1_20230315,0.0,0.0,0.0,0.0,0.0,0.0132013201320132,0.0,0.0,0.25907590759075905,0.24587458745874582,0.19966996699669964,0.0198019801980198,0.00165016501650165,0.0,0.0,0.0,0.0,0.0,0.0,0.0,0.0,0.0,0.13531353135313529,0.0033003300330033,0.0,0.0,0.0,0.0,0.0,0.0,0.0,0.0,0.0,0.0,0.0,0.0,0.0,0.0,0.0,0.11551155115511551,0.0,0.0,0.0,0.0,0.0,0.0,0.0,0.0,0.00165016501650165,0.0,0.00495049504950495,0.0
130_t1_20230310,0.0,0.0,0.0,0.0,0.009287925696594425,0.006191950464396284,0.0,0.0,0.058823529411764705,0.14551083591331268,0.32817337461300305,0.0,0.003095975232198142,0.0,0.0,0.0,0.0,0.0,0.0,0.0,0.0,0.0,0.25077399380804954,0.0,0.0,0.0,0.0,0.0,0.0,0.0,0.0,0.0,0.0,0.0,0.0,0.0,0.0,0.0,0.0,0.19195046439628483,0.0,0.0,0.0,0.0,0.0,0.0,0.0,0.0,0.0,0.0,0.006191950464396284,0.0
131_t1_20230315,0.0,0.0,0.0,0.0,0.003372681281618887,0.005059021922428329,0.0,0.0,0.047217537942664416,0.07082630691399662,0.15514333895446877,0.003372681281618887,0.0016863406408094434,0.0,0.0,0.0,0.0,0.0,0.0,0.0,0.0,0.0,0.20067453625632375,0.0016863406408094434,0.0,0.0,0.0,0.0,0.0,0.0,0.0,0.0,0.0,0.0,0.0,0.0,0.0,0.0,0.0,0.49915682967959524,0.0,0.0,0.0,0.0,0.0,0.0,0.0,0.0,0.0,0.0,0.011804384485666104,0.0
132_t1_20230320,0.0,0.0,0.0,0.0,0.0033713710936145117,0.0067427421872290234,0.0,0.0,0.15508307030626753,0.03708508202975963,0.12305504491692967,0.0,0.0033713710936145117,0.0,0.0,0.0,0.0,0.0,0.0,0.0,0.0,0.0,0.25790988866151016,0.0,0.0,0.0,0.0,0.0,0.0,0.0,0.0,0.0,0.0,0.0,0.0,0.0,0.0,0.0,0.0,0.4079359023273559,0.0,0.0,0.0,0.0,0.0,0.0,0.0,0.0,0.0,0.0,0.0067427421872290234,0.0
134_t1_20230316,0.0009106273585435958,0.0,0.0,0.0,0.002731882075630787,0.03824634905883102,0.0009106273585435958,0.0,0.2759200896387095,0.015480665095241127,0.32964710379278167,0.0,0.011838155661066744,0.0,0.0,0.0,0.0,0.0,0.0,0.0,0.0,0.0,0.03824634905883102,0.05008450471989777,0.0,0.0,0.0,0.0,0.0,0.0,0.0,0.0,0.0,0.0,0.0,0.0,0.0,0.0,0.004553136792717979,0.22583558491881175,0.0,0.0,0.0,0.0,0.0,0.0,0.0,0.0,0.0009106273585435958,0.0,0.005463764151261574,0.0
135_t1_OBS_20230321,0.0,0.0,0.0,0.0,0.0,0.007897661902068993,0.0,0.0,0.07265848949903472,0.07423802187944852,0.11372633138979348,0.0031590647608275967,0.0015795323804137984,0.0,0.0,0.0,0.0,0.0,0.0,0.0,0.0,0.0,0.26378190752910435,0.0,0.0,0.0,0.0,0.0,0.0,0.0,0.0,0.0,0.0,0.0,0.0,0.0,0.0,0.0,0.0,0.46438251984165674,0.0,0.0,0.0,0.0,0.0,0.0,0.0,0.0,0.0,0.0,0.0,0.0
136_t1_20230328,0.0,0.0,0.0,0.0,0.004498084149343798,0.09445976713621976,0.006747126224015697,0.0,0.10570497750957925,0.02024137867204709,0.10345593543490735,0.0,0.004498084149343798,0.0,0.0,0.0,0.0,0.0,0.0,0.0,0.0,0.0,0.11470114580826685,0.0,0.0,0.0,0.0,0.0,0.0,0.0,0.0,0.0,0.0,0.0,0.0,0.0,0.0,0.0,0.0,0.5465172241452715,0.0,0.0,0.0,0.0,0.0,0.0,0.0,0.0,0.0,0.0,0.0,0.0
137_t1_OBS_20230329,0.0,0.0,0.0,0.0,0.010335514330070107,0.012058100051748458,0.0,0.0,0.05167757165035054,0.063735671702099,0.08096152891888252,0.0,0.0017225857216783512,0.0,0.0,0.0,0.0,0.0,0.0,0.0,0.0,0.0,0.568453288153856,0.0,0.0,0.0,0.0,0.0,0.0,0.0,0.0,0.0,0.0,0.0,0.0,0.0,0.0,0.0,0.0,0.19637477227133204,0.0,0.0,0.0,0.0,0.0,0.0,0.0,0.0,0.0,0.0,0.01550327149510516,0.0
139_t1_20230621,0.0,0.0,0.0,0.0,0.022435897435897436,0.1955128205128205,0.00641025641025641,0.0,0.0,0.1955128205128205,0.00641025641025641,0.0,0.00641025641025641,0.0,0.0,0.0,0.0,0.0,0.0,0.0,0.0,0.0,0.1217948717948718,0.0,0.0,0.0,0.0,0.0,0.0,0.0,0.0,0.0,0.0,0.0,0.0,0.0,0.0,0.0,0.0,0.4455128205128205,0.0,0.0,0.0,0.0,0.0,0.0,0.0,0.0,0.0,0.0,0.0,0.0
140_t1_20230711,0.0,0.0,0.0,0.0,0.0,0.012903225806451611,0.0,0.0,0.07311827956989246,0.021505376344086023,0.6666666666666666,0.0,0.006451612903225806,0.0,0.0,0.0,0.0,0.0,0.0,0.0,0.0,0.0,0.15268817204301077,0.0,0.0,0.0,0.0,0.0,0.0,0.0,0.0,0.0,0.0,0.0,0.0,0.0,0.0,0.0,0.0,0.05591397849462366,0.0,0.0,0.0,0.0,0.0,0.0,0.0,0.0,0.002150537634408602,0.0,0.008602150537634409,0.0
141_t1_OBS_20230404,0.0,0.0,0.0,0.0,0.0017479122159642646,0.01573120994367838,0.0,0.0,0.29889298892988925,0.027966595455428234,0.3792969508642454,0.0,0.005243736647892794,0.0,0.0,0.0,0.0,0.0,0.0,0.0,0.0,0.0,0.11186638182171293,0.0,0.0,0.0,0.0,0.0,0.0,0.0,0.0,0.0,0.0,0.0,0.0,0.0,0.0,0.0,0.0,0.11361429403767721,0.0,0.0,0.0,0.0,0.0,0.0,0.0,0.0,0.0,0.0,0.047193629831035144,0.0
142_t1_20230419,0.0,0.0,0.0,0.0,0.0030364372469635624,0.01720647773279352,0.0,0.0,0.13866396761133604,0.07995951417004048,0.08299595141700404,0.0,0.0010121457489878543,0.0,0.0,0.0,0.0,0.0,0.0,0.0,0.0,0.0,0.30870445344129555,0.0,0.0,0.0,0.0,0.0,0.0,0.0,0.0,0.0,0.0,0.0,0.0,0.0,0.0,0.0,0.0,0.34514170040485825,0.0,0.0,0.0,0.0,0.0,0.0,0.0,0.0,0.0,0.0,0.023279352226720645,0.0
144_t1_20230412,0.0,0.0,0.0,0.0,0.0015562856648798202,0.024900570638077123,0.0,0.0,0.012450285319038561,0.2365554210617327,0.294137990662286,0.0031125713297596403,0.01400657098391838,0.0,0.0,0.0,0.0,0.0,0.0,0.0,0.0,0.0,0.13072799584990488,0.0015562856648798202,0.0,0.0,0.0,0.0,0.0,0.0,0.0,0.0,0.0,0.0,0.0,0.0,0.0,0.0,0.0,0.28168770534324744,0.0,0.0,0.0,0.0,0.0,0.0,0.0,0.0,0.0,0.0,0.0,0.0
147_t1_20230427,0.0,0.0,0.0,0.0,0.005859375,0.04296875,0.0,0.0,0.1083984375,0.22265625,0.115234375,0.0068359375,0.001953125,0.0,0.0,0.0,0.0,0.0,0.0,0.0,0.0,0.0,0.2734375,0.0,0.0,0.0,0.0,0.0,0.0,0.0,0.0,0.0,0.0,0.0,0.0,0.0,0.0,0.0,0.0,0.2216796875,0.0,0.0,0.0,0.0,0.0,0.0,0.0,0.0,0.0,0.0,0.0009765625,0.0
148_t1_2023-06-23,0.0,0.0,0.0,0.0,0.0023094688221709007,0.032332563510392605,0.009237875288683603,0.0,0.03464203233256351,0.21709006928406466,0.44341801385681284,0.0,0.006928406466512701,0.0,0.0,0.0,0.0,0.0,0.0,0.0,0.0,0.0,0.030023094688221705,0.0023094688221709007,0.0,0.0,0.0,0.0,0.0,0.0,0.0,0.0,0.0,0.0,0.0,0.0,0.0,0.0,0.0,0.21939953810623555,0.0,0.0,0.0,0.0,0.0,0.0,0.0,0.0,0.0,0.0,0.0023094688221709007,0.0
151_t1_20230515,0.0,0.0,0.0,0.0,0.001680672268907563,0.013445378151260503,0.0,0.0,0.2033613445378151,0.062184873949579826,0.4722689075630252,0.0,0.0,0.0,0.0,0.0,0.0,0.0,0.0,0.0,0.0,0.0,0.1630252100840336,0.0,0.0,0.0,0.0,0.0,0.0,0.0,0.0,0.0,0.0,0.0,0.0,0.0,0.0,0.0,0.0,0.043697478991596636,0.0,0.0,0.0,0.0,0.0,0.0,0.0,0.0,0.0,0.0,0.04033613445378151,0.0
155_t1_20230502,0.0,0.0,0.0,0.0,0.002398081534772182,0.014388489208633093,0.002398081534772182,0.0,0.07553956834532374,0.014388489208633093,0.28177458033573144,0.004796163069544364,0.002398081534772182,0.0,0.0,0.0,0.0,0.0,0.0,0.0,0.0,0.0,0.23021582733812948,0.002398081534772182,0.0,0.0,0.0,0.0,0.0,0.0,0.0,0.0,0.0,0.0,0.0,0.0,0.0,0.0,0.0,0.3669064748201439,0.0,0.0,0.0,0.0,0.0,0.0,0.0,0.0,0.0,0.0,0.002398081534772182,0.0
156_t1_20230524,0.0,0.0,0.0,0.0,0.0,0.005430531655753458,0.0,0.0,0.07602744318054841,0.057020582385411314,0.5756363555098666,0.0,0.002715265827876729,0.0,0.0,0.0,0.0,0.0,0.0,0.0,0.0,0.0,0.13847855722171318,0.0,0.0,0.0,0.0,0.0,0.0,0.0,0.0,0.0,0.0,0.0,0.0,0.0,0.0,0.0,0.0,0.14662435470534338,0.0,0.0,0.0,0.0,0.0,0.0,0.0,0.0,0.0,0.0,0.0,0.0
158_t1_20230525,0.0,0.0,0.0,0.0,0.0014144271570014145,0.005657708628005658,0.0,0.0,0.019801980198019802,0.15275813295615276,0.31258840169731256,0.002828854314002829,0.008486562942008486,0.0,0.0,0.0,0.0,0.0,0.0,0.0,0.0,0.0,0.23196605374823195,0.0,0.0,0.0,0.0,0.0,0.0,0.0,0.0,0.0,0.0,0.0,0.0,0.0,0.0,0.0,0.0,0.26308345120226306,0.0,0.0,0.0,0.0,0.0,0.0,0.0,0.0,0.0,0.0014144271570014145,0.0,0.0
159_t1_20230616,0.0,0.0,0.0,0.0,0.004051980968473475,0.00810396193694695,0.0,0.0,0.04187047000755925,0.029714527102138823,0.2903919694072658,0.0,0.002701320645648984,0.0,0.0,0.0,0.0,0.0,0.0,0.0,0.0,0.0,0.1337153719596247,0.0,0.0,0.0,0.0,0.0,0.0,0.0,0.0,0.0,0.0,0.0,0.0,0.0,0.0,0.0,0.0,0.48353639557116807,0.0,0.0,0.0,0.0,0.0,0.0,0.0,0.0,0.0,0.0,0.00675330161412246,0.0
160_t1_20230613,0.0,0.0,0.0,0.0,0.0,0.0,0.0,0.0,0.12607944732297063,0.044905008635578586,0.7063903281519862,0.0,0.0,0.0,0.0,0.0,0.0,0.0,0.0,0.0,0.0,0.0,0.07944732297063903,0.0,0.0,0.0,0.0,0.0,0.0,0.0,0.0,0.0,0.0,0.0,0.0,0.0,0.0,0.0,0.0,0.039723661485319514,0.0,0.0,0.0,0.0,0.0,0.0,0.0,0.0,0.0,0.0,0.003454231433506045,0.0
161_t1_20230530,0.0,0.0,0.0,0.0,0.0,0.017910447761194027,0.0,0.0,0.32238805970149254,0.029850746268656716,0.4507462686567164,0.0,0.0029850746268656717,0.0,0.0,0.0,0.0,0.0,0.0,0.0,0.0,0.0,0.04477611940298507,0.0,0.0,0.0,0.0,0.0,0.0,0.0,0.0,0.0,0.0,0.0,0.0,0.0,0.0,0.0,0.0,0.029850746268656716,0.0,0.0,0.0,0.0,0.0,0.0,0.0,0.0,0.0,0.0,0.10149253731343283,0.0
162_t1_20230713,0.0,0.0,0.0,0.0,0.0,0.007220216606498195,0.0,0.0,0.09025270758122744,0.036101083032490974,0.36823104693140796,0.0036101083032490976,0.0036101083032490976,0.0,0.0,0.0,0.0,0.0,0.0,0.0,0.0,0.0036101083032490976,0.18050541516245489,0.0036101083032490976,0.0,0.0,0.0,0.0,0.0,0.0,0.0,0.0,0.0,0.0,0.0,0.0,0.0,0.0,0.0,0.3032490974729242,0.0,0.0,0.0,0.0,0.0,0.0,0.0,0.0,0.0,0.0,0.0,0.0
171_t1_20230706,0.0,0.0,0.0,0.0,0.007049045985597319,0.6458688384303544,0.0,0.0,0.04846219115098157,0.014098091971194639,0.05463010638837922,0.0,0.0008811307481996649,0.0,0.0,0.0,0.0,0.0,0.0,0.0,0.0,0.0,0.014979222719394303,0.0017622614963993298,0.0,0.0,0.0,0.0,0.0,0.0,0.0,0.0,0.0,0.0,0.0,0.0,0.0,0.0,0.0,0.1779884111363323,0.0,0.0,0.0,0.0,0.0,0.0,0.0,0.0,0.0,0.0,0.03436409917978693,0.0
173_t1_20230810,0.0,0.0,0.0,0.0,0.0,0.0,0.0,0.0,0.1159727863525589,0.007402518277822907,0.6292140536149472,0.0,0.0,0.0,0.0,0.0,0.0,0.0,0.0,0.0,0.0,0.0,0.1850629569455727,0.002467506092607636,0.0,0.0,0.0,0.0,0.0,0.0,0.0,0.0,0.0,0.0,0.0,0.0,0.0,0.0,0.0,0.061687652315190904,0.0,0.0,0.0,0.0,0.0,0.0,0.0,0.0,0.0,0.0,0.0,0.0
175_t1_17052023,0.0,0.0,0.0,0.0,0.0,0.031249999999999997,0.0,0.0,0.10714285714285712,0.08258928571428571,0.7008928571428571,0.0,0.0,0.0,0.0,0.0,0.0,0.0,0.0,0.0,0.0,0.0,0.00669642857142857,0.0,0.0,0.0,0.0,0.0,0.0,0.0,0.0,0.0,0.0,0.0,0.0,0.0,0.0,0.0,0.0,0.07142857142857142,0.0,0.0,0.0,0.0,0.0,0.0,0.0,0.0,0.0,0.0,0.0,0.0
177_t1_20230525,0.0,0.0,0.0,0.0,0.0,0.015729913906232528,0.0071499608664693315,0.0,0.1987689120878474,0.13155927994303568,0.30458833291159354,0.0014299921732938662,0.0,0.0,0.0,0.0,0.0,0.0,0.0,0.0,0.0,0.0,0.19018895904808422,0.005719968693175465,0.0,0.0,0.0,0.0,0.0,0.0,0.0,0.0,0.0,0.0,0.0,0.0,0.0,0.0,0.0,0.12011934255668477,0.0,0.0,0.0,0.0,0.0,0.0,0.0,0.0,0.0,0.0,0.02573985911928959,0.0
198_t1_20230621,0.0,0.0,0.0,0.0,0.0012853470437017994,0.02699228791773779,0.014138817480719794,0.0012853470437017994,0.11953727506426734,0.04755784061696658,0.3393316195372751,0.0,0.0012853470437017994,0.0,0.0,0.0,0.0,0.0,0.0,0.0,0.0,0.002570694087403599,0.1940874035989717,0.015424164524421592,0.0012853470437017994,0.0,0.0,0.0,0.0,0.0,0.0,0.0,0.0,0.0,0.0,0.0,0.0,0.0,0.0,0.2120822622107969,0.0,0.0,0.0,0.0,0.0,0.0,0.0,0.0,0.0,0.0,0.023136246786632387,0.0
199_t1_20230615,0.0,0.0,0.0,0.0,0.014986376021798364,0.02316076294277929,0.01634877384196185,0.0,0.12125340599455041,0.035422343324250684,0.510899182561308,0.01907356948228883,0.0,0.0068119891008174395,0.0,0.0,0.0,0.0,0.0,0.0,0.0,0.024523160762942777,0.1784741144414169,0.008174386920980926,0.0,0.0,0.0,0.0,0.0,0.0,0.0,0.0,0.0,0.0,0.0,0.0,0.0,0.0,0.0,0.035422343324250684,0.0,0.0,0.0,0.0,0.0,0.0,0.0,0.0,0.004087193460490463,0.0,0.0013623978201634877,0.0
201_t1_20230620,0.0,0.0,0.0,0.0,0.0,0.013435700575815737,0.0,0.0038387715930902106,0.13435700575815737,0.08061420345489442,0.4472168905950096,0.0,0.0,0.0,0.0,0.0,0.0,0.0,0.0,0.0,0.0,0.0,0.017274472168905947,0.0019193857965451053,0.0,0.0,0.0,0.0,0.0,0.0,0.0,0.0,0.0,0.0,0.0,0.0,0.0,0.0,0.0,0.2994241842610364,0.0,0.0,0.0,0.0,0.0,0.0,0.0,0.0,0.0,0.0,0.0019193857965451053,0.0
202_t1_20230616,0.0,0.0,0.0,0.0,0.0,0.0031944261864072566,0.0,0.0,0.03354147495727619,0.04152754042329434,0.2220126199553043,0.0,0.0,0.0,0.0,0.0,0.0,0.0,0.0,0.0,0.0,0.0,0.15652688313395557,0.0,0.0,0.0,0.0,0.0,0.0,0.0,0.0,0.0,0.0,0.0,0.0,0.0,0.0,0.0,0.0,0.49992769817273564,0.0,0.0,0.0,0.0,0.0,0.0,0.0,0.0,0.0,0.0,0.04472196660970159,0.0
203_t1_20230605,0.0,0.0,0.0,0.0,0.0027198549410698096,0.001813236627379873,0.0,0.0,0.07343608340888487,0.11242067089755214,0.228467815049864,0.0009066183136899365,0.001813236627379873,0.0,0.0,0.0,0.0,0.0,0.0,0.0,0.0,0.0,0.2837715321849501,0.0009066183136899365,0.0,0.0,0.0,0.0,0.0,0.0,0.0,0.0,0.0,0.0,0.0,0.0,0.0,0.0,0.0,0.2901178603807797,0.0,0.0,0.0,0.0,0.0,0.0,0.0,0.0,0.0,0.0009066183136899365,0.0027198549410698096,0.0
207_t1_20230808,0.0,0.0,0.0,0.0,0.004298792623059573,0.015045774180708503,0.0,0.0,0.11391800451107867,0.04513732254212551,0.30736367254875946,0.0021493963115297864,0.0021493963115297864,0.0,0.0,0.0,0.0,0.0,0.0,0.0,0.0,0.0,0.39978771394454027,0.004298792623059573,0.0,0.0,0.0,0.0,0.0,0.0,0.0,0.0,0.0,0.0,0.0,0.0,0.0,0.0,0.0,0.10102162664189995,0.0,0.0,0.0,0.0,0.0,0.0,0.0,0.0,0.0,0.0,0.006448188934589359,0.0
212_t1_20230629,0.0,0.0,0.0,0.0,0.0017035775127768314,0.0323679727427598,0.0,0.005110732538330494,0.06643952299829642,0.12436115843270869,0.565587734241908,0.0017035775127768314,0.0,0.0,0.0,0.0,0.0,0.0,0.0,0.0,0.0,0.0,0.008517887563884156,0.005110732538330494,0.0,0.0,0.0,0.0,0.0,0.0,0.0,0.0,0.0,0.0,0.0,0.0,0.0,0.0,0.0,0.18739352640545145,0.0,0.0,0.0,0.0,0.0,0.0,0.0,0.0,0.0,0.0,0.0017035775127768314,0.0
213_t1_20230714,0.0,0.0,0.0,0.0,0.0010298661174047373,0.0,0.0,0.0,0.025746652935118432,0.016477857878475798,0.7528321318228629,0.008238928939237899,0.0,0.0,0.0,0.0,0.0,0.0,0.0,0.0,0.0,0.0,0.07826982492276004,0.0,0.0,0.0,0.0,0.0,0.0,0.0,0.0,0.0,0.0,0.0,0.0,0.0,0.0,0.0,0.0,0.11637487126673532,0.0,0.0,0.0,0.0,0.0,0.0,0.0,0.0,0.0,0.0,0.0010298661174047373,0.0
216_t1_20230817,0.0,0.0,0.0,0.0,0.0029056211213545216,0.04939555906302687,0.0,0.0,0.24697779531513436,0.06973490691250851,0.4765218639021415,0.0,0.0029056211213545216,0.0,0.0,0.0,0.0,0.0,0.0,0.0,0.0,0.0029056211213545216,0.055206801305735916,0.0029056211213545216,0.0,0.0,0.0,0.0,0.0,0.0,0.0,0.0,0.0,0.0,0.0,0.0,0.0,0.0,0.0,0.058112422427090436,0.0,0.0,0.0,0.0,0.0,0.0,0.0,0.0,0.0,0.0,0.034867453456254256,0.0
221_t1_20230711,0.0,0.0,0.0,0.0,0.0029498525073746312,0.17404129793510323,0.0,0.0,0.20943952802359883,0.02359882005899705,0.21238938053097342,0.0,0.0029498525073746312,0.0,0.0,0.0,0.0,0.0,0.0,0.0,0.0,0.0029498525073746312,0.014749262536873156,0.0029498525073746312,0.0,0.0,0.0,0.0,0.0,0.0,0.0,0.0,0.0,0.0,0.0,0.0,0.0,0.0,0.0,0.35398230088495575,0.0,0.0,0.0,0.0,0.0,0.0,0.0,0.0,0.0,0.0,0.0,0.0
223_t1_20230707,0.0,0.0,0.0,0.0,0.0011010820510032081,0.014314066663041705,0.0011010820510032081,0.0,0.10680495894731118,0.04734652819313795,0.10129954869229514,0.0,0.0044043282040128326,0.0,0.0,0.0,0.0,0.0,0.0,0.0,0.0,0.0,0.4371295742482736,0.003303246153009624,0.0,0.0,0.0,0.0,0.0,0.0,0.0,0.0,0.0,0.0,0.0,0.0,0.0,0.0,0.0,0.1893861127725518,0.0,0.0,0.0,0.0,0.0,0.0,0.0,0.0,0.0,0.0,0.0946930563862759,0.0
226_t1_20230731,0.0,0.0,0.0,0.0,0.0,0.005048878546421633,0.0,0.0,0.4998389760957417,0.07825761746953531,0.2120528989497086,0.0025244392732108167,0.0,0.0,0.0,0.0,0.0,0.0,0.0,0.0,0.0,0.0,0.1363197207533841,0.0,0.0,0.0,0.0,0.0,0.0,0.0,0.0,0.0,0.0,0.0,0.0,0.0,0.0,0.0,0.0,0.06311098183027042,0.0,0.0,0.0,0.0,0.0,0.0,0.0,0.0,0.0,0.0,0.005048878546421633,0.0
228_t1_20230727,0.0,0.0,0.0,0.0,0.0012738853503184713,0.011464968152866241,0.0,0.0,0.1197452229299363,0.016560509554140127,0.5222929936305732,0.0,0.005095541401273885,0.0,0.0,0.0,0.0,0.0,0.0,0.0,0.0,0.0,0.13885350318471337,0.0,0.0,0.0,0.0,0.0,0.0,0.0,0.0,0.0,0.0,0.0,0.0,0.0,0.0,0.0,0.0,0.14394904458598726,0.0,0.0,0.0,0.0,0.0,0.0,0.0,0.0,0.0,0.0,0.04076433121019108,0.0
230_t1_2023-08-16,0.0,0.0,0.0,0.0,0.0014139333531167629,0.02403686700298497,0.0014139333531167629,0.0,0.15411873548972715,0.0721106010089549,0.6150610086057919,0.0,0.0,0.0,0.0,0.0,0.0,0.0,0.0,0.0,0.0,0.0,0.01979506694363468,0.0014139333531167629,0.0,0.0,0.0,0.0,0.0,0.0,0.0,0.0,0.0,0.0,0.0,0.0,0.0,0.0,0.0,0.11170073489622427,0.0,0.0,0.0,0.0,0.0,0.0,0.0,0.0,0.0,0.0,0.0,0.0
231_t1_20230719,0.0,0.0,0.0,0.0,0.01310615989515072,0.018348623853211007,0.0,0.0,0.061598951507208385,0.02228047182175622,0.03800786369593709,0.019659239842726082,0.002621231979030144,0.0,0.0,0.0,0.0,0.0,0.0,0.0,0.0,0.0,0.40629095674967236,0.007863695937090432,0.0,0.001310615989515072,0.0,0.0,0.0,0.0,0.0,0.0,0.0,0.0,0.0,0.0,0.0,0.0,0.0,0.40104849279161203,0.0,0.0,0.0,0.0,0.0,0.0,0.0,0.0,0.0,0.002621231979030144,0.005242463958060288,0.0
232_t1_20230725,0.0,0.0,0.0,0.0,0.0,0.01954217767182698,0.0,0.0,0.02512565700663469,0.19263003705086595,0.37269724559841455,0.0,0.008375219002211562,0.0,0.0,0.0,0.0,0.0,0.0,0.0,0.0,0.0,0.20240112588677947,0.006979349168509636,0.0,0.0,0.0,0.0,0.0,0.0,0.0,0.0,0.0,0.0,0.0,0.0,0.0,0.0,0.0,0.17169198954533704,0.0,0.0,0.0,0.0,0.0,0.0,0.0,0.0,0.0,0.0,0.0013958698337019273,0.0
239_t1_20230821,0.0,0.0,0.0,0.0,0.0012468827930174563,0.017456359102244388,0.0,0.0,0.08977556109725685,0.034912718204488775,0.6172069825436409,0.0,0.0012468827930174563,0.0,0.0,0.0,0.0,0.0,0.0,0.0,0.0,0.0012468827930174563,0.15211970074812967,0.0,0.0,0.0,0.0,0.0,0.0,0.0,0.0,0.0,0.0,0.0,0.0,0.0,0.0,0.0,0.0,0.08478802992518703,0.0,0.0,0.0,0.0,0.0,0.0,0.0,0.0,0.0,0.0,0.0,0.0
240_t1_20230815,0.0,0.0,0.0,0.0,0.005628517823639774,0.2345215759849906,0.0,0.0,0.18574108818011256,0.12195121951219512,0.03564727954971857,0.005628517823639774,0.06566604127579737,0.0,0.0,0.0,0.0,0.0,0.0,0.0,0.0,0.0018761726078799247,0.09943714821763601,0.030018761726078796,0.0,0.0,0.0,0.0,0.0,0.0,0.0,0.0,0.0,0.0,0.0,0.0,0.0,0.0,0.0,0.20825515947467163,0.0,0.0,0.0,0.0,0.0,0.0,0.0,0.0,0.0,0.0,0.005628517823639774,0.0
241_t1_20230802,0.0,0.0,0.0,0.0,0.0,0.018739352640545145,0.0,0.0,0.37649063032367974,0.11413969335604769,0.24361158432708688,0.0,0.0,0.0,0.0,0.0,0.0,0.0,0.0,0.0,0.0,0.0,0.09710391822827939,0.0,0.0,0.0,0.0,0.0,0.0,0.0,0.0,0.0,0.0,0.0,0.0,0.0,0.0,0.0,0.0,0.011925042589437818,0.0,0.0,0.0,0.0,0.0,0.0,0.0,0.0,0.0,0.0017035775127768314,0.1362862010221465,0.0
242_t1_20230816,0.0,0.0,0.0,0.0,0.004944375772558715,0.034610630407911,0.0,0.0,0.26205191594561184,0.032138442521631644,0.3374536464771322,0.0,0.0,0.0,0.0,0.0,0.0,0.0,0.0,0.0,0.0,0.0,0.17181705809641531,0.0012360939431396787,0.0,0.0,0.0,0.0,0.0,0.0,0.0,0.0,0.0,0.0,0.0,0.0,0.0,0.0,0.0,0.15327564894932016,0.0,0.0,0.0,0.0,0.0,0.0,0.0,0.0,0.0,0.0,0.0024721878862793575,0.0
245_t1_20230913,0.0,0.0,0.0,0.0,0.003395585738539898,0.003395585738539898,0.0,0.0,0.1171477079796265,0.13582342954159593,0.2563667232597623,0.003395585738539898,0.0,0.0,0.0,0.0,0.0,0.0,0.0,0.0,0.0,0.0,0.15449915110356538,0.001697792869269949,0.0,0.0,0.0,0.0,0.0,0.0,0.0,0.0,0.0,0.0,0.0,0.0,0.0,0.0,0.0,0.28862478777589134,0.0,0.0,0.0,0.0,0.0,0.0,0.0,0.0,0.0,0.0,0.035653650254668934,0.0
249_t1_20230824,0.0,0.0,0.0,0.0,0.0,0.06097560975609757,0.0040650406504065045,0.0,0.16666666666666666,0.024390243902439022,0.38414634146341464,0.0,0.008130081300813009,0.0,0.0,0.0,0.0,0.0,0.0,0.0,0.0,0.0,0.052845528455284556,0.0,0.0,0.0,0.0,0.0,0.0,0.0,0.0,0.0,0.0,0.0,0.0,0.0,0.0,0.0,0.0,0.2987804878048781,0.0,0.0,0.0,0.0,0.0,0.0,0.0,0.0,0.0,0.0,0.0,0.0
250_t1_20230802,0.0,0.0,0.0,0.0,0.0008244023083264633,0.11459192085737839,0.00247320692497939,0.0008244023083264633,0.19455894476504534,0.10222588623248145,0.35779060181368505,0.0,0.00247320692497939,0.0,0.0,0.0,0.0,0.0,0.0,0.0,0.0,0.0,0.05028854080791426,0.0008244023083264633,0.0,0.0,0.0,0.0,0.0,0.0,0.0,0.0,0.0,0.0,0.0,0.0,0.0,0.0,0.0,0.17312448474855732,0.0,0.0,0.0,0.0,0.0,0.0,0.0,0.0,0.0,0.0,0.0,0.0
251_t1_20230905,0.0,0.0,0.0,0.0,0.0031590236926776947,0.0031590236926776947,0.0015795118463388473,0.0,0.015795118463388474,0.113724852936397,0.16426923201924012,0.011056582924371932,0.0,0.0,0.0,0.0,0.0,0.0,0.0,0.0,0.0,0.0015795118463388473,0.46595599466996,0.0,0.0,0.0,0.0,0.0,0.0,0.0,0.0,0.0,0.0,0.0,0.0,0.0,0.0,0.0,0.0,0.21955214664109976,0.0,0.0,0.0,0.0,0.0,0.0,0.0,0.0,0.0,0.0,0.0015795118463388473,0.0
251_t1_20230911_2,0.0,0.0,0.0,0.0,0.0,0.002150537634408602,0.0,0.0,0.2387096774193548,0.03655913978494623,0.17419354838709677,0.021505376344086023,0.0,0.0,0.0,0.0,0.0,0.0,0.0,0.0,0.0,0.0,0.26236559139784943,0.004301075268817204,0.0,0.0,0.0,0.0,0.0,0.0,0.0,0.0,0.0,0.0,0.0,0.0,0.0,0.0,0.0,0.24086021505376343,0.0,0.0,0.0,0.0,0.0,0.0,0.0,0.0,0.0,0.0,0.019354838709677417,0.0
253_t1_20230912,0.0,0.0,0.0,0.0,0.0019083969465648856,0.05343511450381679,0.0019083969465648856,0.0,0.03625954198473283,0.16984732824427481,0.10114503816793893,0.0076335877862595426,0.0038167938931297713,0.0,0.0,0.0,0.0,0.0,0.0,0.0,0.0,0.0019083969465648856,0.16984732824427481,0.0057251908396946565,0.0,0.0,0.0,0.0,0.0,0.0,0.0,0.0,0.0,0.0,0.0,0.0,0.0,0.0,0.0,0.41603053435114506,0.0,0.0,0.0,0.0,0.0,0.0,0.0,0.0,0.0,0.0,0.03053435114503817,0.0
254_t1_20230821,0.0,0.0,0.0,0.0,0.0,0.04025217289628561,0.0,0.0,0.07813657091631913,0.05445882215379818,0.6132536929492927,0.0,0.0023677748762520948,0.0,0.0,0.0,0.0,0.0,0.0,0.0,0.0,0.0,0.08760767042132751,0.0,0.0,0.0,0.0,0.0,0.0,0.0,0.0,0.0,0.0,0.0,0.0,0.0,0.0,0.0,0.0,0.12549206844136102,0.0,0.0,0.0,0.0,0.0,0.0,0.0,0.0,0.0,0.0,0.0,0.0
257_t1_20230825,0.0,0.0,0.0,0.0,0.0,0.010752688172043012,0.0,0.0,0.053763440860215055,0.16129032258064518,0.45161290322580644,0.0,0.0,0.0,0.0,0.0,0.0,0.0,0.0,0.0,0.0,0.0,0.1935483870967742,0.0,0.0,0.0,0.0,0.0,0.0,0.0,0.0,0.0,0.0,0.0,0.0,0.0,0.0,0.0,0.0,0.12903225806451613,0.0,0.0,0.0,0.0,0.0,0.0,0.0,0.0,0.0,0.0,0.0,0.0
259_t1_20230901,0.0,0.0,0.0,0.0,0.0,0.005813953488372093,0.0,0.0,0.505813953488372,0.017441860465116275,0.1511627906976744,0.0,0.0,0.0,0.0,0.0,0.0,0.0,0.0,0.0,0.0,0.0,0.1744186046511628,0.0,0.0,0.0,0.0,0.0,0.0,0.0,0.0,0.0,0.0,0.0,0.0,0.0,0.0,0.0,0.0,0.0755813953488372,0.0,0.0,0.0,0.0,0.0,0.0,0.0,0.0,0.0,0.0,0.0697674418604651,0.0
260_t1_20230918,0.0,0.0,0.0,0.0,0.0010214504596527069,0.043922369765066395,0.0,0.0,0.1205311542390194,0.12257405515832483,0.11235955056179776,0.0,0.0,0.0,0.0,0.0,0.0,0.0,0.0,0.0,0.0,0.0,0.24821246169560776,0.0,0.0,0.0,0.0,0.0,0.0,0.0,0.0,0.0,0.0,0.0,0.0,0.0,0.0,0.0,0.0,0.3452502553626149,0.0,0.0,0.0,0.0,0.0,0.0,0.0,0.0,0.0,0.0,0.006128702757916241,0.0
261_t1_20230915,0.0,0.0,0.0,0.0,0.0,0.005974087701902038,0.0,0.0,0.051775426749817666,0.03982725134601359,0.6292705712670147,0.0019913625673006795,0.0,0.0,0.0,0.0,0.0,0.0,0.0,0.0,0.0,0.0,0.20710170699927066,0.003982725134601359,0.0,0.0,0.0,0.0,0.0,0.0,0.0,0.0,0.0,0.0,0.0,0.0,0.0,0.0,0.0,0.06173223958632106,0.0,0.0,0.0,0.0,0.0,0.0,0.0,0.0,0.0,0.0,0.0,0.0
263_t1_20230921,0.0,0.0,0.0,0.0,0.0,0.05337078651685394,0.0,0.0,0.04073033707865168,0.1797752808988764,0.4325842696629213,0.0,0.0,0.0,0.0,0.0,0.0,0.0,0.0,0.0,0.0,0.0,0.060393258426966294,0.0,0.0,0.0,0.0,0.0,0.0,0.0,0.0,0.0,0.0,0.0,0.0,0.0,0.0,0.0,0.0,0.20786516853932585,0.0,0.0,0.0,0.0,0.0,0.0,0.0,0.0,0.0,0.0,0.025280898876404494,0.0
266_t1_20230829,0.0,0.0,0.0,0.0,0.0,0.01925391095066185,0.0,0.0,0.06377858002406737,0.05415162454873646,0.4524669073405535,0.0036101083032490967,0.0024067388688327313,0.0,0.0,0.0,0.0,0.0,0.0,0.0,0.0,0.0012033694344163657,0.18892900120336942,0.0024067388688327313,0.0,0.0,0.0,0.0,0.0,0.0,0.0,0.0,0.0,0.0,0.0,0.0,0.0,0.0,0.0,0.21179302045728035,0.0,0.0,0.0,0.0,0.0,0.0,0.0,0.0,0.0,0.0,0.0,0.0
268_t1_20230829,0.0,0.0,0.0,0.0,0.0,0.005606053615097124,0.0,0.0,0.037373690767314165,0.18873713837493653,0.6129285285839523,0.0,0.0,0.0,0.0,0.0,0.0,0.0,0.0,0.0,0.0,0.0,0.09530291145665112,0.0,0.0,0.0,0.0,0.0,0.0,0.0,0.0,0.0,0.0,0.0,0.0,0.0,0.0,0.0,0.0,0.061666589766068376,0.0,0.0,0.0,0.0,0.0,0.0,0.0,0.0,0.0,0.0,0.0,0.0
269_t1_20230907,0.0,0.0,0.0,0.0,0.008403361344537815,0.03025210084033613,0.0,0.0,0.04033613445378151,0.06722689075630252,0.6403361344537815,0.0,0.0,0.0,0.0,0.0,0.0,0.0,0.0,0.0,0.0,0.0,0.08907563025210083,0.0,0.0,0.0,0.0,0.0,0.0,0.0,0.0,0.0,0.0,0.0,0.0,0.0,0.0,0.0,0.0,0.12100840336134452,0.0,0.0,0.0,0.0,0.0,0.0,0.0,0.0,0.0,0.001680672268907563,0.001680672268907563,0.0
270_t1_20232922,0.0,0.0,0.0,0.0,0.0022935779816513763,0.0,0.0,0.0,0.05733944954128441,0.027522935779816512,0.823394495412844,0.0,0.0,0.0,0.0,0.0,0.0,0.0,0.0,0.0,0.0,0.0,0.05275229357798165,0.0,0.0,0.0,0.0,0.0,0.0,0.0,0.0,0.0,0.0,0.0,0.0,0.0,0.0,0.0,0.0,0.03669724770642202,0.0,0.0,0.0,0.0,0.0,0.0,0.0,0.0,0.0,0.0,0.0,0.0
272_t1_20230914,0.0,0.0,0.0,0.0,0.0,0.0196078431372549,0.0,0.0,0.23831070889894418,0.025641025641025637,0.5460030165912518,0.0,0.004524886877828054,0.0,0.0,0.0,0.0,0.0,0.0,0.0,0.0,0.0,0.07692307692307691,0.0,0.0,0.0,0.0,0.0,0.0,0.0,0.0,0.0,0.0,0.0,0.0,0.0,0.0,0.0,0.0,0.08748114630467571,0.0,0.0,0.0,0.0,0.0,0.0,0.0,0.0,0.0,0.0,0.0015082956259426846,0.0
272_t1_20230920,0.0,0.0,0.0,0.0,0.0018083182640144665,0.028933092224231464,0.016274864376130196,0.0,0.3598553345388788,0.012658227848101264,0.3960216998191681,0.0018083182640144665,0.007233273056057866,0.0,0.0,0.0,0.0,0.0,0.0,0.0,0.0,0.0,0.09584086799276671,0.0018083182640144665,0.0,0.0,0.0,0.0,0.0,0.0,0.0,0.0,0.0,0.0,0.0,0.0,0.0,0.0,0.0,0.07775768535262206,0.0,0.0,0.0,0.0,0.0,0.0,0.0,0.0,0.0,0.0,0.0,0.0
273_t1_20230918,0.0,0.0,0.0,0.0,0.001644736842105263,0.004934210526315788,0.0,0.0,0.09539473684210525,0.0838815789473684,0.22861842105263155,0.003289473684210526,0.0,0.0,0.0,0.0,0.0,0.0,0.0,0.0,0.0,0.0,0.20888157894736842,0.009868421052631577,0.0,0.0,0.0,0.0,0.0,0.0,0.0,0.0,0.0,0.0,0.0,0.0,0.0,0.0,0.0,0.36184210526315785,0.0,0.0,0.0,0.0,0.0,0.0,0.0,0.0,0.0,0.0,0.001644736842105263,0.0
276_t1_20230926,0.0,0.0,0.0,0.0,0.0018851384374296953,0.0,0.0,0.0,0.0,0.0,0.0,0.0,0.0,0.0,0.0,0.0,0.0,0.0,0.0,0.0,0.0,0.0,0.0018851384374296953,0.0,0.0,0.0,0.0,0.0,0.0,0.0,0.0,0.0,0.0,0.0,0.0,0.0,0.0,0.0,0.0,0.0,0.0,0.0,0.0,0.0,0.0,0.0,0.0,0.0,0.0,0.0,0.9972382334003087,0.0
284_t1_20231006,0.0,0.0,0.0,0.0,0.0,0.0,0.0,0.0,0.015604359313077939,0.0,0.033437912813738445,0.0,0.0,0.0,0.0,0.0,0.0,0.0,0.0,0.0,0.0,0.0,0.7579260237780714,0.0,0.0,0.0,0.0,0.0,0.0,0.0,0.0,0.0,0.0,0.0,0.0,0.0,0.0,0.0,0.0,0.004458388375165125,0.0,0.0,0.0,0.0,0.0,0.0,0.0,0.0,0.0,0.0,0.18948150594451785,0.0
286_t1_20231009,0.0,0.0,0.0,0.0,0.002004008016032064,0.03206412825651302,0.004008016032064128,0.0,0.10420841683366733,0.0721442885771543,0.5891783567134269,0.0,0.0,0.0,0.0,0.0,0.0,0.0,0.0,0.0,0.0,0.0,0.11422845691382764,0.0,0.0,0.0,0.0,0.0,0.0,0.0,0.0,0.0,0.0,0.0,0.0,0.0,0.0,0.0,0.0,0.08016032064128256,0.0,0.0,0.0,0.0,0.0,0.0,0.0,0.0,0.0,0.0,0.002004008016032064,0.0
287_t1_20231011,0.0,0.0,0.0,0.0,0.0,0.046448087431693985,0.0,0.0,0.2226775956284153,0.05601092896174863,0.2540983606557377,0.0,0.0,0.0,0.0,0.0,0.0,0.0,0.0,0.0,0.0,0.0,0.045081967213114756,0.0,0.0,0.0,0.0,0.0,0.0,0.0,0.0,0.0,0.0,0.0,0.0,0.0,0.0,0.0,0.0,0.37568306010928965,0.0,0.0,0.0,0.0,0.0,0.0,0.0,0.0,0.0,0.0,0.0,0.0
287_t1_20231018,0.0,0.0,0.0,0.0,0.0,0.015647226173541962,0.0,0.0,0.07823613086770981,0.058321479374110946,0.1863442389758179,0.0,0.0014224751066856329,0.0,0.0,0.0,0.0,0.0,0.0,0.0,0.0,0.0,0.12660028449502134,0.0,0.0,0.0,0.0,0.0,0.0,0.0,0.0,0.0,0.0,0.0,0.0,0.0,0.0,0.0,0.0,0.5334281650071123,0.0,0.0,0.0,0.0,0.0,0.0,0.0,0.0,0.0,0.0,0.0,0.0
288_t1_20231010,0.0,0.0,0.0,0.0,0.0,0.00290251491570165,0.0,0.0,0.09433173476030363,0.0812704176396462,0.5326114870312527,0.007256287289254125,0.0,0.0,0.0,0.0,0.0,0.0,0.0,0.0,0.0,0.0,0.232201193256132,0.013061317120657424,0.0,0.0,0.0,0.0,0.0,0.0,0.0,0.0,0.0,0.0,0.0,0.0,0.0,0.0,0.0,0.03337892153056897,0.0,0.0,0.0,0.0,0.0,0.0,0.0,0.0,0.0,0.001451257457850825,0.00290251491570165,0.0
292_t1_20231019,0.0,0.0,0.0,0.0,0.0,0.0020833333333333333,0.0,0.0,0.022916666666666665,0.010416666666666666,0.9041666666666666,0.0,0.0,0.0,0.0,0.0,0.0,0.0,0.0,0.0,0.0,0.0020833333333333333,0.052083333333333336,0.0,0.0,0.0,0.0,0.0,0.0,0.0,0.0,0.0,0.0,0.0,0.0,0.0,0.0,0.0,0.0,0.0062499999999999995,0.0,0.0,0.0,0.0,0.0,0.0,0.0,0.0,0.0,0.0,0.0,0.0
295_t1_20231016,0.0,0.0,0.0,0.0,0.004468636789937292,0.005958182386583056,0.0,0.0,0.09235182699203737,0.031280457529561045,0.5853914194817852,0.0,0.002979091193291528,0.0,0.0,0.0,0.0,0.0,0.0,0.0,0.0,0.0,0.0908622813953916,0.0,0.0,0.0,0.0,0.0,0.0,0.0,0.0,0.0,0.0,0.0,0.0,0.0,0.0,0.0,0.0,0.0863936446054543,0.0,0.0,0.0,0.0,0.0,0.0,0.0,0.0,0.0,0.0,0.10128910057191196,0.0
296_t1_20231012,0.0,0.0,0.0,0.0,0.001379310344827586,0.0,0.0,0.0,0.0,0.041379310344827586,0.07310344827586206,0.0,0.0,0.0,0.0,0.0,0.0,0.0,0.0,0.0,0.0,0.0,0.024827586206896547,0.0,0.0,0.0,0.0,0.0,0.0,0.0,0.0,0.0,0.0,0.0,0.0,0.0,0.0,0.0,0.0,0.8593103448275863,0.0,0.0,0.0,0.0,0.0,0.0,0.0,0.0,0.0,0.0,0.0,0.0
299_t1_2023-10-13,0.0,0.0,0.0,0.0,0.0,0.0038529840806748265,0.0,0.0,0.0038529840806748265,0.03275036468573603,0.2042081562757658,0.0019264920403374132,0.0019264920403374132,0.0,0.0,0.0,0.0,0.0,0.0,0.0,0.0,0.0,0.5124468827297519,0.00577947612101224,0.0,0.0,0.0,0.0,0.0,0.0,0.0,0.0,0.0,0.0,0.0,0.0,0.0,0.0,0.0,0.23503202892116443,0.0,0.0,0.0,0.0,0.0,0.0,0.0,0.0,0.0,0.0,0.0,0.0
300_t1_20231027,0.0,0.0,0.0,0.0,0.003294088940401391,0.003294088940401391,0.0016470444702006955,0.0,0.15976331360946747,0.0741170011590313,0.22070395900689319,0.0,0.0016470444702006955,0.0,0.0,0.0,0.0,0.0,0.0,0.0,0.0,0.0,0.3705850057951565,0.0,0.0,0.0,0.0,0.0,0.0,0.0,0.0,0.0,0.0,0.0,0.0,0.0,0.0,0.0,0.0,0.16305740254986886,0.0,0.0,0.0,0.0,0.0,0.0,0.0,0.0,0.0,0.0,0.003294088940401391,0.0
303_t1_20231122,0.0,0.0,0.0,0.0,0.0,0.034545454545454546,0.0018181818181818182,0.0,0.045454545454545456,0.16363636363636364,0.2545454545454545,0.0018181818181818182,0.0018181818181818182,0.0,0.0,0.0,0.0,0.0,0.0,0.0,0.0,0.0,0.20363636363636362,0.0,0.0,0.0,0.0,0.0,0.0,0.0,0.0,0.0,0.0,0.0,0.0,0.0,0.0,0.0,0.0,0.28727272727272724,0.0,0.0,0.0,0.0,0.0,0.0,0.0,0.0,0.0,0.0,0.005454545454545454,0.0
306_t1_20231117,0.0,0.0,0.0,0.0,0.01075268817204301,0.00921658986175115,0.0,0.0,0.26574500768049153,0.012288786482334868,0.27649769585253453,0.0,0.004608294930875575,0.0,0.0,0.0,0.0,0.0,0.0,0.0,0.0,0.0,0.2642089093701997,0.003072196620583717,0.0,0.0,0.0,0.0,0.0,0.0,0.0,0.0,0.0,0.0,0.0,0.0,0.0,0.0,0.0,0.1075268817204301,0.0,0.0,0.0,0.0,0.0,0.0,0.0,0.0,0.0,0.0,0.046082949308755755,0.0
308_t1_20231004,0.0,0.0,0.0,0.0,0.0022172949002217295,0.0,0.0,0.0,0.02660753880266075,0.04212860310421286,0.802660753880266,0.0,0.0,0.0,0.0,0.0,0.0,0.0,0.0,0.0,0.0,0.0,0.08869179600886919,0.0,0.0,0.0,0.0,0.0,0.0,0.0,0.0,0.0,0.0,0.0,0.0,0.0,0.0,0.0,0.0,0.0376940133037694,0.0,0.0,0.0,0.0,0.0,0.0,0.0,0.0,0.0,0.0,0.0,0.0
310_t1_20231107,0.0,0.0,0.0,0.0,0.0031992837817377507,0.015996418908688755,0.0,0.0,0.11357457425169017,0.052788182398672896,0.34872193220941483,0.0015996418908688754,0.0,0.0,0.0,0.0,0.0,0.0,0.0,0.0,0.0,0.0,0.2863358984655287,0.0063985675634755015,0.0,0.0,0.0,0.0,0.0,0.0,0.0,0.0,0.0,0.0,0.0,0.0,0.0,0.0,0.0,0.12477206748777228,0.0,0.0,0.0,0.0,0.0,0.0,0.0,0.0,0.0,0.0015996418908688754,0.046389614835197386,0.0
312_t1_20231023,0.0,0.0,0.0,0.0,0.0017841671683872008,0.06601418523032643,0.0017841671683872008,0.0,0.1873375526806561,0.008920835841936006,0.13916503913420167,0.0,0.0,0.0,0.0,0.0,0.0,0.0,0.0,0.0,0.0,0.0,0.09991336142968324,0.0035683343367744016,0.0,0.0,0.0,0.0,0.0,0.0,0.0,0.0,0.0,0.0,0.0,0.0,0.0,0.0,0.0,0.1534383764812993,0.0,0.0,0.0,0.0,0.0,0.0,0.0,0.0,0.0,0.0,0.3389917619935682,0.0
315_t1_20231102,0.0,0.0,0.0,0.0,0.0029003497129489273,0.03915472112481052,0.0014501748564744637,0.0,0.05655681940250408,0.0754090925366721,0.39734791067400305,0.0014501748564744637,0.005800699425897855,0.0,0.0,0.0,0.0,0.0,0.0,0.0,0.0,0.0,0.22332692789706737,0.004350524569423391,0.0,0.0,0.0,0.0,0.0,0.0,0.0,0.0,0.0,0.0,0.0,0.0,0.0,0.0,0.0,0.19287325591110366,0.0,0.0,0.0,0.0,0.0,0.0,0.0,0.0,0.0,0.0,0.0,0.0
318_t1_20231121,0.0,0.0,0.0,0.0,0.002087790293063897,0.02505348351676676,0.0,0.0,0.09186277289481146,0.17119880403123952,0.44261154212954607,0.0,0.0,0.0,0.0,0.0,0.0,0.0,0.0,0.0,0.0,0.0,0.060545918498853,0.0,0.0,0.0,0.0,0.0,0.0,0.0,0.0,0.0,0.0,0.0,0.0,0.0,0.0,0.0,0.0,0.20042786813413407,0.0,0.0,0.0,0.0,0.0,0.0,0.0,0.0,0.0,0.0,0.00626337087919169,0.0
320_t1_20231127,0.0,0.0,0.0,0.0,0.010498687664041995,0.11811023622047244,0.013123359580052493,0.0,0.010498687664041995,0.14698162729658792,0.028871391076115485,0.0026246719160104987,0.023622047244094484,0.0,0.0,0.0,0.0,0.0,0.0,0.0,0.0,0.0026246719160104987,0.04986876640419948,0.010498687664041995,0.0,0.0,0.0,0.0,0.0,0.0,0.0,0.0,0.0,0.0,0.0,0.0,0.0,0.0,0.0,0.5826771653543307,0.0,0.0,0.0,0.0,0.0,0.0,0.0,0.0,0.0,0.0,0.0,0.0
321_t1_20231121,0.0,0.0,0.0,0.0,0.006031497821959119,0.0075393722774489,0.0,0.0,0.012062995643918238,0.0030157489109795595,0.18245280911426334,0.0,0.0,0.0,0.0,0.0,0.0,0.0,0.0,0.0,0.0,0.0,0.5986261588294426,0.0015078744554897798,0.0015078744554897798,0.012062995643918238,0.0,0.0,0.0,0.0,0.0,0.006031497821959119,0.0,0.0,0.0,0.0,0.0,0.0,0.0,0.028649614654305818,0.0,0.0,0.0,0.0,0.0,0.0,0.0,0.0,0.0,0.006031497821959119,0.1357087009940802,0.0
324_t1_20231114,0.0,0.0,0.0,0.0,0.004011870513989954,0.07522257213731164,0.0,0.0,0.4533413680808647,0.040118705139899534,0.11333534202021618,0.0,0.002005935256994977,0.0,0.0,0.0,0.0,0.0,0.0,0.0,0.0,0.0,0.17251043210156802,0.009026708656477395,0.0,0.0,0.0,0.0,0.0,0.0,0.0,0.0,0.0,0.0,0.0,0.0,0.0,0.0,0.0,0.07321663688031665,0.0,0.0,0.0,0.0,0.0,0.0,0.0,0.0,0.0010029676284974884,0.0,0.05716915482435684,0.0
325_t1_20240125,0.0,0.0,0.0,0.0,0.0021551724137931034,0.023706896551724137,0.0010775862068965517,0.0,0.028017241379310342,0.19288793103448273,0.27370689655172414,0.005387931034482758,0.0010775862068965517,0.0,0.0,0.0,0.0,0.0,0.0,0.0,0.0,0.0,0.2801724137931034,0.0032327586206896547,0.0,0.0,0.0,0.0,0.0,0.0,0.0,0.0,0.0,0.0,0.0,0.0,0.0,0.0,0.0,0.18857758620689655,0.0,0.0,0.0,0.0,0.0,0.0,0.0,0.0,0.0,0.0,0.0,0.0
327_t1_20231128,0.0,0.0,0.0,0.0,0.002677376171352075,0.0107095046854083,0.0,0.0,0.10441767068273092,0.013386880856760375,0.14859437751004015,0.0,0.0,0.0,0.0,0.0,0.0,0.0,0.0,0.0,0.0,0.0,0.13788487282463185,0.0,0.0,0.0,0.0,0.0,0.0,0.0,0.0,0.0,0.0,0.0,0.0,0.0,0.0,0.0,0.0,0.19946452476572957,0.0,0.0,0.0,0.0,0.0,0.0,0.0,0.0,0.0,0.0,0.3828647925033467,0.0
337_t1_20231207,0.0,0.0,0.0,0.0,0.005208333333333333,0.033854166666666664,0.0,0.0,0.15625,0.05989583333333333,0.5833333333333333,0.0026041666666666665,0.0,0.0,0.0,0.0,0.0,0.0,0.0,0.0,0.0,0.0,0.026041666666666664,0.0,0.0,0.0,0.0,0.0,0.0,0.0,0.0,0.0,0.0,0.0,0.0,0.0,0.0,0.0,0.0,0.13281249999999997,0.0,0.0,0.0,0.0,0.0,0.0,0.0,0.0,0.0,0.0,0.0,0.0
338_t1_20231208,0.0,0.0,0.0,0.0,0.0,0.018112971272678483,0.0,0.0,0.2246008437812132,0.13403598741782077,0.37674980247171247,0.0,0.0,0.0,0.0,0.0,0.0,0.0,0.0,0.0,0.0,0.0,0.05071631956349975,0.0,0.0,0.0,0.0,0.0,0.0,0.0,0.0,0.0,0.0,0.0,0.0,0.0,0.0,0.0,0.0,0.18837490123585623,0.0,0.0,0.0,0.0,0.0,0.0,0.0,0.0,0.0,0.0,0.010867782763607088,0.0
350_t1_20231117,0.0,0.0,0.0,0.0,0.003204578723179786,0.017625182977488822,0.0,0.0,0.033648076593387755,0.09293278297221379,0.495107412731277,0.001602289361589893,0.004806868084769679,0.0,0.0,0.0,0.0,0.0,0.0,0.0,0.0,0.0,0.0656938638251856,0.001602289361589893,0.0,0.0,0.0,0.0,0.0,0.0,0.0,0.0,0.0,0.0,0.0,0.0,0.0,0.0,0.0,0.2836052170014111,0.0,0.0,0.0,0.0,0.0,0.0,0.0,0.0,0.0,0.0,0.001602289361589893,0.0
371_t1_20231123,0.0,0.0,0.0,0.0,0.0006626905235255136,0.44201457919151754,0.0026507620941020544,0.0006626905235255136,0.0026507620941020544,0.0828363154406892,0.04705102717031147,0.003313452617627568,0.031146454605699137,0.0,0.0,0.0,0.0,0.0,0.0,0.0,0.0,0.033797216699801194,0.019880715705765408,0.02054340622929092,0.0,0.0,0.0,0.0,0.0,0.0,0.0,0.0,0.0,0.0,0.0,0.0,0.0,0.0,0.0,0.3127899271040424,0.0,0.0,0.0,0.0,0.0,0.0,0.0,0.0,0.0,0.0,0.0,0.0
385_t1_20231206,0.0,0.0,0.0,0.0,0.0,0.019417475728155338,0.0,0.0,0.18723994452149792,0.1567267683772538,0.16782246879334256,0.009708737864077669,0.0,0.0,0.0,0.0,0.0,0.0,0.0,0.0,0.0,0.0,0.23717059639389734,0.0,0.0,0.0,0.0,0.0,0.0,0.0,0.0,0.0,0.0,0.0,0.0,0.0,0.0,0.0,0.0,0.21497919556171982,0.0,0.0,0.0,0.0,0.0,0.0,0.0,0.0,0.0,0.0,0.006934812760055478,0.0
386_t1_20231124,0.0,0.0,0.0,0.0,0.0018315018315018313,0.07142857142857141,0.0018315018315018313,0.0,0.0586080586080586,0.2106227106227106,0.08241758241758242,0.043956043956043946,0.012820512820512818,0.0,0.0,0.0,0.0,0.0,0.0,0.0,0.0,0.0,0.2362637362637362,0.021978021978021973,0.0,0.0,0.0,0.0,0.0,0.0,0.0,0.0,0.0,0.0,0.0,0.0,0.0,0.0,0.0,0.2582417582417582,0.0,0.0,0.0,0.0,0.0,0.0,0.0,0.0,0.0,0.0,0.0,0.0
389_t1_20231108,0.0,0.0,0.0,0.0,0.0007999999999999999,0.004,0.0,0.0,0.20639999999999997,0.0208,0.3568,0.0,0.0015999999999999999,0.0,0.0,0.0,0.0,0.0,0.0,0.0,0.0,0.0,0.2232,0.0,0.0,0.0,0.0,0.0,0.0,0.0,0.0,0.0,0.0,0.0,0.0,0.0,0.0,0.0,0.0,0.1824,0.0,0.0,0.0,0.0,0.0,0.0,0.0,0.0,0.0,0.0,0.004,0.0
399_t1_20240417,0.0,0.0,0.0,0.0,0.0,0.07003257328990228,0.042345276872964174,0.0,0.011400651465798045,0.0732899022801303,0.1970684039087948,0.006514657980456026,0.004885993485342019,0.0,0.0,0.0,0.0,0.0,0.0,0.0,0.0,0.0016286644951140066,0.06351791530944625,0.003257328990228013,0.0,0.0,0.0,0.0,0.0,0.0,0.0,0.0,0.0,0.0,0.0,0.0,0.0,0.0,0.0,0.5260586319218241,0.0,0.0,0.0,0.0,0.0,0.0,0.0,0.0,0.0,0.0,0.0,0.0
416_t1_20231103,0.0,0.0,0.0,0.0,0.0033840397729118987,0.03158437121384439,0.0,0.0,0.004512053030549199,0.16920198864559496,0.2707231818329519,0.0033840397729118987,0.0011280132576372997,0.0,0.0,0.0,0.0,0.0,0.0,0.0,0.0,0.0022560265152745994,0.08572900758043478,0.0033840397729118987,0.0,0.0,0.0,0.0,0.0,0.0,0.0,0.0,0.0,0.0,0.0,0.0,0.0,0.0,0.0,0.42526099812926194,0.0,0.0,0.0,0.0,0.0,0.0,0.0,0.0,0.0,0.0,0.0,0.0
417_t1_20231031,0.0,0.0,0.0,0.0,0.0,0.0,0.0,0.0,0.0,0.004573170731707316,0.9878048780487805,0.0,0.0,0.0,0.0,0.0,0.0,0.0,0.0,0.0,0.0,0.0,0.0,0.0,0.0,0.0,0.0,0.0,0.0,0.0,0.0,0.0,0.0,0.0,0.0,0.0,0.0,0.0,0.0,0.007621951219512195,0.0,0.0,0.0,0.0,0.0,0.0,0.0,0.0,0.0,0.0,0.0,0.0
418_t1_20231116,0.0,0.0,0.0,0.0,0.0,0.0046511627906976735,0.0,0.0,0.009302325581395347,0.06511627906976744,0.703875968992248,0.0,0.0015503875968992248,0.0,0.0,0.0,0.0,0.0,0.0,0.0,0.0,0.0015503875968992248,0.10232558139534884,0.0015503875968992248,0.0,0.0,0.0,0.0,0.0,0.0,0.0,0.0,0.0,0.0,0.0,0.0,0.0,0.0,0.0,0.11007751937984496,0.0,0.0,0.0,0.0,0.0,0.0,0.0,0.0,0.0,0.0,0.0,0.0
430_t1_20231206,0.0,0.0,0.0,0.0,0.0010256410256410256,0.0,0.0,0.0,0.012307692307692306,0.2153846153846154,0.09128205128205127,0.01846153846153846,0.0020512820512820513,0.0,0.0,0.0,0.0,0.0,0.0,0.0,0.0,0.0,0.1158974358974359,0.0020512820512820513,0.0,0.0,0.0,0.0,0.0,0.0,0.0,0.0,0.0,0.0,0.0,0.0,0.0,0.0,0.0,0.5415384615384615,0.0,0.0,0.0,0.0,0.0,0.0,0.0,0.0,0.0,0.0,0.0,0.0
438_t1_20231211,0.0,0.0,0.0,0.0,0.0007478349715945811,0.048609273153647777,0.0,0.0,0.17873255821110487,0.05683545784118817,0.2176199767340231,0.0007478349715945811,0.0014956699431891622,0.0,0.0,0.0,0.0,0.0,0.0,0.0,0.0,0.0007478349715945811,0.1705063735235645,0.005234844801162068,0.0,0.0,0.0,0.0,0.0,0.0,0.0,0.0,0.0,0.0,0.0,0.0,0.0,0.0,0.0,0.31708202795610235,0.0,0.0,0.0,0.0,0.0,0.0,0.0,0.0,0.0,0.0,0.002243504914783743,0.0
439_t1_20240206,0.0,0.0,0.0,0.0,0.010037641154328732,0.056461731493099125,0.018820577164366373,0.0,0.07026348808030113,0.08155583437892096,0.562107904642409,0.0012547051442910915,0.0012547051442910915,0.0,0.0,0.0,0.0,0.0,0.0,0.0,0.0,0.0,0.11794228356336262,0.0,0.0,0.0,0.0,0.0,0.0,0.0,0.0,0.0,0.0,0.0,0.0,0.0,0.0,0.0,0.0,0.07904642409033877,0.0,0.0,0.0,0.0,0.0,0.0,0.0,0.0,0.0,0.0,0.0012547051442910915,0.0
444_t1_20231212,0.0,0.0,0.0,0.0,0.0,0.0038022813688212923,0.0,0.0,0.013307984790874522,0.13498098859315588,0.3365019011406844,0.0,0.0019011406844106462,0.0,0.0,0.0,0.0,0.0,0.0,0.0,0.0,0.0,0.2927756653992395,0.0,0.0,0.0,0.0,0.0,0.0,0.0,0.0,0.0,0.0,0.0,0.0,0.0,0.0,0.0,0.0,0.21673003802281365,0.0,0.0,0.0,0.0,0.0,0.0,0.0,0.0,0.0,0.0,0.0,0.0
447_t1_20231211,0.0,0.0,0.0,0.0,0.0,0.001594896331738437,0.0,0.0,0.07496012759170655,0.02711323763955343,0.49122807017543857,0.001594896331738437,0.001594896331738437,0.0,0.0,0.0,0.0,0.0,0.0,0.0,0.0,0.0,0.2105263157894737,0.0,0.0,0.0,0.0,0.0,0.0,0.0,0.0,0.0,0.0,0.0,0.0,0.0,0.0,0.0,0.0,0.13556618819776714,0.0,0.0,0.0,0.0,0.0,0.0,0.0,0.0,0.0,0.0,0.0558213716108453,0.0
453_t1_20240119,0.0,0.0,0.0,0.0,0.0,0.0038151958885899997,0.0,0.0,0.0038151958885899997,0.13353185610065,0.30140047519860996,0.0,0.0,0.0,0.0,0.0,0.0,0.0,0.0,0.0,0.0,0.0,0.08647777347470666,0.0025434639257266665,0.0,0.0,0.0,0.0,0.0,0.0,0.0,0.0,0.0,0.0,0.0,0.0,0.0,0.0,0.0,0.46926909429657004,0.0,0.0,0.0,0.0,0.0,0.0,0.0,0.0,0.0,0.0,0.0,0.0
459_t1_20240124,0.0,0.0,0.0,0.0,0.0014749262536873156,0.0014749262536873156,0.0,0.0,0.0014749262536873156,0.016224188790560472,0.5943952802359881,0.004424778761061946,0.0,0.0,0.0,0.0,0.0,0.0,0.0,0.0,0.0,0.0,0.03392330383480825,0.0,0.0,0.0,0.0,0.0,0.0,0.0,0.0,0.0,0.0,0.0,0.0,0.0,0.0,0.0,0.0,0.3466076696165192,0.0,0.0,0.0,0.0,0.0,0.0,0.0,0.0,0.0,0.0,0.0,0.0
460_t1_20240108,0.0,0.0,0.0,0.0,0.002413060316577625,0.012065301582888125,0.0,0.0,0.096522412663105,0.04343508569839725,0.6298087426267601,0.0,0.0,0.0,0.0,0.0,0.0,0.0,0.0,0.0,0.0,0.012065301582888125,0.1254791364620365,0.0,0.0,0.0,0.0,0.0,0.0,0.0,0.0,0.0,0.0,0.0,0.0,0.0,0.0,0.0,0.0,0.05308732696470775,0.0,0.0,0.0,0.0,0.0,0.0,0.0,0.0,0.0,0.0,0.026543663482353874,0.0
467_t1_20231212,0.0,0.0,0.0,0.0,0.0,0.006142506142506143,0.0,0.0,0.05896805896805896,0.004914004914004914,0.687960687960688,0.0,0.0012285012285012285,0.0,0.0,0.0,0.0,0.0,0.0,0.0,0.0,0.0,0.17444717444717447,0.0085995085995086,0.0,0.0,0.0,0.0,0.0,0.0,0.0,0.0,0.0,0.0,0.0,0.0,0.0,0.0,0.0,0.03194103194103194,0.0,0.0,0.0,0.0,0.0,0.0,0.0,0.0,0.0,0.0,0.0257985257985258,0.0
469_t1_20231129,0.0,0.0,0.0,0.0,0.0028653295128939827,0.0,0.0,0.0,0.03438395415472779,0.03151862464183381,0.5501432664756446,0.0,0.0028653295128939827,0.0,0.0,0.0,0.0,0.0,0.0,0.0,0.0,0.0,0.13753581661891115,0.0,0.0,0.0,0.0,0.0,0.0,0.0,0.0,0.0,0.0,0.0,0.0,0.0,0.0,0.0,0.0,0.23782234957020054,0.0,0.0,0.0,0.0,0.0,0.0,0.0,0.0,0.0,0.0,0.0028653295128939827,0.0
471_t1_20240109,0.0,0.0,0.0,0.0,0.0,0.008830022075055188,0.0,0.0,0.1280353200883002,0.057395143487858714,0.3543046357615894,0.0,0.0011037527593818985,0.0,0.0,0.0,0.0,0.0,0.0,0.0,0.0,0.0,0.3013245033112582,0.0,0.0,0.0,0.0,0.0,0.0,0.0,0.0,0.0,0.0,0.0,0.0,0.0,0.0,0.0,0.0,0.1456953642384106,0.0,0.0,0.0,0.0,0.0,0.0,0.0,0.0,0.0,0.0,0.003311258278145695,0.0
472_t1_20240108,0.0,0.0,0.0,0.0,0.0,0.04129779837775203,0.001877172653534183,0.0,0.026280417149478562,0.15580533024333718,0.33601390498261874,0.005631517960602549,0.005631517960602549,0.0,0.0,0.0,0.0,0.0,0.0,0.0,0.0,0.001877172653534183,0.15768250289687138,0.001877172653534183,0.0,0.0,0.0,0.0,0.0,0.0,0.0,0.0,0.0,0.0,0.0,0.0,0.0,0.0,0.0,0.2646813441483198,0.0,0.0,0.0,0.0,0.0,0.0,0.0,0.0,0.0,0.0,0.001877172653534183,0.0
476_t1_20240112_1,0.0,0.0,0.0,0.0,0.007792207792207791,0.023376623376623374,0.0,0.0,0.023376623376623374,0.1701298701298701,0.45194805194805193,0.0,0.0,0.0,0.0,0.0,0.0,0.0,0.0,0.0,0.0,0.0,0.10649350649350649,0.0,0.0,0.0,0.0,0.0,0.0,0.0,0.0,0.0,0.0,0.0,0.0,0.0,0.0,0.0,0.0,0.21168831168831168,0.0,0.0,0.0,0.0,0.0,0.0,0.0,0.0,0.0,0.0,0.005194805194805195,0.0
476_t1_20240119_2,0.0,0.0,0.0,0.0,0.0,0.013736263736263736,0.0,0.0,0.010989010989010988,0.01648351648351648,0.15934065934065933,0.0,0.0,0.0,0.0,0.0,0.0,0.0,0.0,0.0,0.0,0.0,0.17857142857142858,0.030219780219780217,0.0,0.0,0.0,0.0,0.0,0.0,0.0,0.0,0.0,0.0,0.0,0.0,0.0,0.0,0.0,0.5906593406593407,0.0,0.0,0.0,0.0,0.0,0.0,0.0,0.0,0.0,0.0,0.0,0.0
482_t1_20240124,0.0,0.0,0.0,0.0,0.010037641154328732,0.037641154328732745,0.0012547051442910915,0.0,0.10037641154328733,0.018820577164366373,0.3588456712672522,0.0,0.0037641154328732743,0.0,0.0,0.0,0.0,0.0,0.0,0.0,0.0,0.0037641154328732743,0.08406524466750313,0.01756587202007528,0.0,0.0,0.0,0.0,0.0,0.0,0.0,0.0,0.0,0.0,0.0,0.0,0.0,0.0,0.0,0.22961104140526975,0.0,0.0,0.0,0.0,0.0,0.0,0.0,0.0,0.0,0.0012547051442910915,0.1329987452948557,0.0
498_t1_20240430,0.0,0.0,0.0,0.0,0.0014224751066856329,0.018492176386913226,0.0,0.0,0.049786628733997154,0.021337126600284494,0.17069701280227595,0.0,0.0,0.0,0.0,0.0,0.0,0.0,0.0,0.0,0.0,0.0,0.11379800853485064,0.005689900426742531,0.0,0.0,0.0,0.0,0.0,0.0,0.0,0.0,0.0,0.0,0.0,0.0,0.0,0.0,0.0,0.6017069701280227,0.0,0.0,0.0,0.0,0.0,0.0,0.0,0.0,0.0,0.0,0.017069701280227594,0.0
502_t1_20240308,0.0,0.0,0.0,0.0,0.001091703056768559,0.002183406113537118,0.0,0.0,0.1965065502183406,0.06768558951965065,0.25109170305676853,0.012008733624454147,0.0032751091703056763,0.0,0.0,0.0,0.0,0.0,0.0,0.0,0.0,0.0,0.37117903930131,0.012008733624454147,0.0,0.0,0.0,0.0,0.0,0.0,0.0,0.0,0.0,0.0,0.0,0.0,0.0,0.0,0.0,0.08296943231441048,0.0,0.0,0.0,0.0,0.0,0.0,0.0,0.0,0.0,0.0,0.0,0.0
507_t1_20240122,0.0,0.0,0.0,0.0,0.0008431703204047217,0.043844856661045525,0.0016863406408094434,0.0,0.230185497470489,0.030354131534569978,0.34485666104553114,0.0008431703204047217,0.0025295109612141647,0.0,0.0,0.0,0.0,0.0,0.0,0.0,0.0,0.0,0.14418212478920742,0.0,0.0,0.0,0.0,0.0,0.0,0.0,0.0,0.0,0.0,0.0,0.0,0.0,0.0,0.0,0.0,0.193929173693086,0.0,0.0,0.0,0.0,0.0,0.0,0.0,0.0,0.0,0.0,0.006745362563237774,0.0
511_t1_20230209,0.0,0.0,0.0,0.0,0.020682523267838676,0.4581178903826267,0.0,0.0,0.004136504653567736,0.32885211995863495,0.019648397104446744,0.0,0.001034126163391934,0.0,0.0,0.0,0.0,0.0,0.0,0.0,0.0,0.0,0.009307135470527403,0.0,0.0,0.0,0.0,0.0,0.0,0.0,0.0,0.0,0.0,0.0,0.0,0.0,0.0,0.0,0.0,0.15822130299896586,0.0,0.0,0.0,0.0,0.0,0.0,0.0,0.0,0.0,0.0,0.0,0.0
512_t1_20240131,0.0,0.0,0.0,0.0,0.0,0.0,0.0,0.0,0.0,0.0031602356521399865,0.014221060434629939,0.0015801178260699932,0.0,0.0,0.0,0.0,0.0,0.0,0.0,0.0,0.0,0.0,0.241758027388709,0.0015801178260699932,0.0,0.0,0.0,0.0,0.0,0.0,0.0,0.0,0.0,0.0,0.0,0.0,0.0,0.0,0.0,0.3665873356482384,0.0,0.0,0.0,0.0,0.0,0.0,0.0,0.0,0.0,0.0,0.3713276891264485,0.0
516_t1_20240206,0.0,0.0,0.0,0.0,0.02385306881587105,0.02761934283942963,0.0,0.0,0.0477061376317421,0.007532548047117172,0.05147241165530068,0.013809671419714816,0.007532548047117172,0.0025108493490390575,0.0,0.0,0.0,0.0,0.0,0.0,0.0,0.003766274023558586,0.4306106633601983,0.015065096094234344,0.0,0.0,0.0,0.0,0.0,0.0,0.0,0.0,0.0,0.0,0.0,0.0,0.0,0.0,0.0,0.2736825790452573,0.0,0.0,0.0,0.0,0.0,0.0,0.0,0.0,0.0012554246745195288,0.0,0.09415685058896467,0.0
518_t1_20240207,0.0,0.0,0.0,0.0,0.001281949829864683,0.010255598638917464,0.0,0.0,0.22049537073672548,0.015383397958376194,0.469193637730474,0.0,0.0,0.0,0.0,0.0,0.0,0.0,0.0,0.0,0.0,0.0,0.14101448128511515,0.005127799319458732,0.0,0.0,0.0,0.0,0.0,0.0,0.0,0.0,0.0,0.0,0.0,0.0,0.0,0.0,0.0,0.06666139115296352,0.0,0.0,0.0,0.0,0.0,0.0,0.0,0.0,0.0,0.0,0.07178919047242224,0.0
535_t1_20240220,0.0,0.0,0.0,0.0,0.01833270463975858,0.023973536836607374,0.0,0.0014102080492121986,0.0944839392972173,0.05499811391927575,0.15230246931491745,0.01692249659054638,0.004230624147636595,0.0,0.0,0.0,0.0,0.0,0.0,0.0,0.0,0.0,0.2665293213011055,0.007051040246060993,0.0,0.0,0.0,0.0,0.0,0.0,0.0,0.0,0.0,0.0,0.0,0.0,0.0,0.0,0.0,0.2975538983837739,0.0,0.0,0.0,0.0,0.0,0.0,0.0,0.0,0.0,0.0,0.06345936221454894,0.0
536_t1_20240221,0.0,0.0,0.0,0.0,0.0,0.011904761904761904,0.0,0.0,0.10476190476190475,0.13809523809523808,0.4619047619047619,0.007142857142857142,0.007142857142857142,0.0,0.0,0.0,0.0,0.0,0.0,0.0,0.0,0.0,0.09285714285714285,0.011904761904761904,0.0,0.0,0.0,0.0,0.0,0.0,0.0,0.0,0.0,0.0,0.0,0.0,0.0,0.0,0.0,0.15238095238095237,0.0,0.0,0.0,0.0,0.0,0.0,0.0,0.0,0.0,0.0023809523809523807,0.009523809523809523,0.0
537_t1_20240223,0.0,0.0,0.0,0.0,0.009900990099009901,0.0019801980198019802,0.0,0.0,0.12871287128712872,0.07524752475247524,0.42376237623762375,0.0,0.0019801980198019802,0.0,0.0,0.0,0.0,0.0,0.0,0.0,0.0,0.0,0.18811881188118812,0.0039603960396039604,0.0,0.0,0.0,0.0,0.0,0.0,0.0,0.0,0.0,0.0,0.0,0.0,0.0,0.0,0.0,0.15841584158415842,0.0,0.0,0.0,0.0,0.0,0.0,0.0,0.0,0.0,0.0,0.007920792079207921,0.0
538_t1_20240318,0.0,0.0,0.0,0.0,0.002372016067236406,0.08302056235327421,0.001186008033618203,0.007116048201709218,0.010674072302563826,0.21466745408489474,0.24787567902620442,0.005930040168091015,0.01541810443703664,0.0,0.0,0.0,0.0,0.0,0.0,0.0,0.0,0.0403242731430189,0.12927487566438414,0.02846419280683687,0.0,0.0,0.0,0.0,0.0,0.0,0.0,0.0,0.0,0.0,0.0,0.0,0.0,0.0,0.0,0.20755140588318555,0.0,0.0,0.0,0.0,0.0,0.0,0.0,0.0,0.0,0.0,0.007116048201709218,0.0
540_t1_20240304,0.0,0.0,0.0,0.0,0.0,0.0037858133266860886,0.0,0.0,0.006309688877810148,0.018929066633430445,0.763472354215028,0.006309688877810148,0.0,0.0,0.0,0.0,0.0,0.0,0.0,0.0,0.0,0.0,0.08202595541153193,0.007571626653372177,0.0,0.0,0.0,0.0,0.0,0.0,0.0,0.0,0.0,0.0,0.0,0.0,0.0,0.0,0.0,0.11231246202502064,0.0,0.0,0.0,0.0,0.0,0.0,0.0,0.0,0.0,0.0,0.0,0.0
545_t1_20240306,0.0,0.0,0.0,0.0,0.0,0.0032041984229541918,0.0,0.0,0.05126717476726707,0.0384503810754503,0.13457633376407604,0.0,0.0,0.0,0.0,0.0,0.0,0.0,0.0,0.0,0.0,0.0,0.4870381602890372,0.03524618265249611,0.0,0.0,0.0,0.0,0.0,0.0,0.0,0.0,0.0,0.0,0.0,0.0,0.0,0.0,0.0,0.1217595400722593,0.0,0.0,0.0,0.0,0.0,0.0,0.0,0.0,0.0,0.0,0.13137213534112185,0.0
552_t1_20240219,0.0,0.0,0.0,0.0,0.0012749614363516165,0.012749614363516166,0.0012749614363516165,0.0,0.1848694082709844,0.10454683778083254,0.43603681123225285,0.0,0.0,0.0,0.0,0.0,0.0,0.0,0.0,0.0,0.0,0.0,0.059923187508525974,0.0012749614363516165,0.0,0.0,0.0,0.0,0.0,0.0,0.0,0.0,0.0,0.0,0.0,0.0,0.0,0.0,0.0,0.1644700252893585,0.0,0.0,0.0,0.0,0.0,0.0,0.0,0.0,0.0,0.0,0.034423958781493645,0.0
556_t1_20220223_02,0.0,0.0,0.0,0.0,0.0,0.010189228529839884,0.0,0.0,0.09315866084425037,0.07569141193595343,0.1470160116448326,0.00727802037845706,0.005822416302765648,0.0,0.0,0.0,0.0,0.0,0.0,0.0,0.0,0.0,0.19941775836972345,0.013100436681222707,0.0,0.0,0.0,0.0,0.0,0.0,0.0,0.0,0.0,0.0,0.0,0.0,0.0,0.0,0.0,0.44541484716157204,0.0,0.0,0.0,0.0,0.0,0.0,0.0,0.0,0.0,0.001455604075691412,0.001455604075691412,0.0
556_t1_20240222_01,0.0,0.0,0.0,0.0,0.0,0.0021551724137931034,0.0,0.0,0.07866379310344827,0.06034482758620689,0.23491379310344826,0.005387931034482758,0.006465517241379309,0.0,0.0,0.0,0.0,0.0,0.0,0.0,0.0,0.0010775862068965517,0.1982758620689655,0.009698275862068964,0.0,0.0,0.0,0.0,0.0,0.0,0.0,0.0,0.0,0.0,0.0,0.0,0.0,0.0,0.0,0.40193965517241376,0.0,0.0,0.0,0.0,0.0,0.0,0.0,0.0,0.0,0.0,0.0010775862068965517,0.0
559_t1_20240207,0.0,0.0,0.0,0.0,0.0,0.024128686327077743,0.0,0.0,0.0,0.03217158176943699,0.6407506702412867,0.0,0.0026809651474530827,0.0,0.0,0.0,0.0,0.0,0.0,0.0,0.0,0.0,0.021447721179624662,0.0,0.0,0.0,0.0,0.0,0.0,0.0,0.0,0.0,0.0,0.0,0.0,0.0,0.0,0.0,0.0,0.2788203753351206,0.0,0.0,0.0,0.0,0.0,0.0,0.0,0.0,0.0,0.0,0.0,0.0
565_t1_20240305,0.0,0.0,0.0,0.0,0.0017120030435609662,0.0,0.0017120030435609662,0.0,0.0017120030435609662,0.07532813391668251,0.07190412782956059,0.0,0.0,0.0,0.0,0.0,0.0,0.0,0.0,0.0,0.0,0.0,0.058208103481072845,0.0,0.0,0.0,0.0,0.0,0.0,0.0,0.0,0.0,0.0,0.0,0.0,0.0,0.0,0.0,0.0,0.7909454061251664,0.0,0.0,0.0,0.0,0.0,0.0,0.0,0.0,0.0,0.0,0.0,0.0
566_t1_20240305,0.0,0.0,0.0,0.0,0.0011989283652636407,0.07553248701160936,0.0,0.0,0.0323710658621183,0.09711319758635491,0.3273074437169739,0.0011989283652636407,0.04436034951475471,0.0,0.0,0.0,0.0,0.0,0.0,0.0,0.0,0.0,0.06234427499370932,0.014387140383163688,0.0,0.0,0.0,0.0,0.0,0.0,0.0,0.0,0.0,0.0,0.0,0.0,0.0,0.0,0.0,0.3452913691959285,0.0,0.0,0.0,0.0,0.0,0.0,0.0,0.0,0.0,0.0,0.0,0.0
567_t1_20240306,0.0,0.0,0.0,0.0,0.0,0.006389776357827475,0.0,0.0,0.006389776357827475,0.052715654952076675,0.8083067092651756,0.0,0.0,0.0,0.0,0.0,0.0,0.0,0.0,0.0,0.0,0.0,0.04792332268370607,0.0015974440894568687,0.0,0.0,0.0,0.0,0.0,0.0,0.0,0.0,0.0,0.0,0.0,0.0,0.0,0.0,0.0,0.0766773162939297,0.0,0.0,0.0,0.0,0.0,0.0,0.0,0.0,0.0,0.0,0.0,0.0
568_t1_20240307,0.0,0.0,0.0,0.0,0.0,0.016311930916431322,0.0011651379226022373,0.0011651379226022373,0.006990827535613423,0.07340368912394095,0.4905230654155419,0.006990827535613423,0.009321103380817899,0.0,0.0,0.0,0.0,0.0,0.0,0.0,0.0,0.0034954137678067116,0.15146792993829086,0.011651379226022373,0.0,0.0,0.0,0.0,0.0,0.0,0.0,0.0,0.0,0.0,0.0,0.0,0.0,0.0,0.0,0.22603675698483403,0.0,0.0,0.0,0.0,0.0,0.0,0.0,0.0,0.0,0.0,0.0023302758452044747,0.0
569_t1_20240320,0.0,0.0,0.0,0.0,0.0,0.0,0.0,0.0,0.004807692307692308,0.07692307692307693,0.07211538461538462,0.004807692307692308,0.002403846153846154,0.0,0.0,0.0,0.0,0.0,0.0,0.0,0.0,0.0,0.5889423076923077,0.0,0.0,0.0,0.0,0.0,0.0,0.0,0.0,0.0,0.0,0.0,0.0,0.0,0.0,0.0,0.0,0.25,0.0,0.0,0.0,0.0,0.0,0.0,0.0,0.0,0.0,0.0,0.0,0.0
574_t1_20240319,0.0,0.0,0.0,0.0,0.0015284268525099535,0.2002239176788039,0.0,0.0,0.06725078151043795,0.05196651298533842,0.10087617226565694,0.0015284268525099535,0.006113707410039814,0.0,0.0,0.0,0.0,0.0,0.0,0.0,0.0,0.0015284268525099535,0.03973909816525879,0.0015284268525099535,0.0,0.0,0.0,0.0,0.0,0.0,0.0,0.0,0.0,0.0,0.0,0.0,0.0,0.0,0.0,0.528835690968444,0.0,0.0,0.0,0.0,0.0,0.0,0.0,0.0,0.0,0.0,0.0,0.0
576_t1_20240402,0.0,0.0,0.0,0.0,0.0,0.13938618925831203,0.0,0.0,0.02429667519181586,0.09846547314578004,0.0639386189258312,0.0,0.001278772378516624,0.0,0.0,0.0,0.0,0.0,0.0,0.0,0.0,0.0,0.043478260869565216,0.0,0.0,0.0,0.0,0.0,0.0,0.0,0.0,0.0,0.0,0.0,0.0,0.0,0.0,0.0,0.0,0.6240409207161125,0.0,0.0,0.0,0.0,0.0,0.0,0.0,0.0,0.0,0.0,0.005115089514066496,0.0
577_t1_20240419,0.0,0.0,0.0,0.0,0.0,0.08333333333333334,0.0043859649122807015,0.0,0.23684210526315788,0.04385964912280702,0.38596491228070173,0.0,0.0043859649122807015,0.0,0.0,0.0,0.0,0.0,0.0,0.0,0.0,0.0,0.10526315789473684,0.0,0.0,0.0,0.0,0.0,0.0,0.0,0.0,0.0,0.0,0.0,0.0,0.0,0.0,0.0,0.0,0.09649122807017543,0.0,0.0,0.0,0.0,0.0,0.0,0.0,0.0,0.0,0.0,0.039473684210526314,0.0
592_t1_20240430,0.0,0.0,0.0,0.0,0.0025303274847711774,0.015181964908627062,0.0025303274847711774,0.0,0.06831884208882179,0.015181964908627062,0.5819753214973707,0.0,0.0,0.005060654969542355,0.0,0.0,0.0,0.0,0.0,0.0,0.0,0.030363929817254123,0.09362211693653355,0.0,0.0,0.0,0.0,0.0,0.0,0.0,0.0,0.0,0.0,0.0,0.0,0.0,0.0,0.0,0.0,0.1771229239339824,0.0,0.0,0.0,0.0,0.0,0.0,0.0,0.0,0.0,0.0,0.01012130993908471,0.0
594_t1_20240301,0.0,0.0,0.0,0.0,0.005649717514124294,0.002824858757062147,0.0,0.0,0.1581920903954802,0.04802259887005649,0.08757062146892655,0.05649717514124294,0.002824858757062147,0.0,0.0,0.0,0.0,0.0,0.0,0.0,0.0,0.0,0.21468926553672316,0.005649717514124294,0.0,0.0,0.0,0.0,0.0,0.0,0.0,0.0,0.0,0.0,0.0,0.0,0.0,0.0,0.0,0.4180790960451977,0.0,0.0,0.0,0.0,0.0,0.0,0.0,0.0,0.0,0.0,0.0,0.0
597_t1_20240402,0.0,0.0,0.0,0.0,0.0,0.008196721311475409,0.0,0.0,0.2677595628415301,0.0819672131147541,0.47677595628415304,0.0,0.0,0.0,0.0,0.0,0.0,0.0,0.0,0.0,0.0,0.0,0.10655737704918032,0.001366120218579235,0.0,0.0,0.0,0.0,0.0,0.0,0.0,0.0,0.0,0.0,0.0,0.0,0.0,0.0,0.0,0.05737704918032787,0.0,0.0,0.0,0.0,0.0,0.0,0.0,0.0,0.0,0.0,0.0,0.0
603_t1_20240418,0.0,0.0,0.0,0.0,0.001683676650938494,0.003367353301876988,0.0,0.0,0.1885717849051113,0.07408177264129373,0.3367353301876988,0.0,0.003367353301876988,0.0,0.0,0.0,0.0,0.0,0.0,0.0,0.0,0.0,0.19530649150886528,0.0,0.0,0.0,0.0,0.0,0.0,0.0,0.0,0.0,0.0,0.0,0.0,0.0,0.0,0.0,0.0,0.1902554615560498,0.0,0.0,0.0,0.0,0.0,0.0,0.0,0.0,0.0,0.0,0.006734706603753976,0.0
606_t1_20240415,0.0,0.0,0.0,0.0,0.0027970257142199404,0.018180667142429614,0.0,0.0,0.13985128571099703,0.03496282142774926,0.5468185271299983,0.0,0.0,0.0,0.0,0.0,0.0,0.0,0.0,0.0,0.0,0.0,0.03496282142774926,0.0013985128571099702,0.0,0.0,0.0,0.0,0.0,0.0,0.0,0.0,0.0,0.0,0.0,0.0,0.0,0.0,0.0,0.2111754414236055,0.0,0.0,0.0,0.0,0.0,0.0,0.0,0.0,0.0,0.0,0.011188102856879762,0.0
610_t1_20240404,0.0,0.0,0.0,0.0,0.000937207122774133,0.007497656982193064,0.0,0.0,0.31677600749765694,0.03186504217432052,0.4976569821930646,0.0,0.001874414245548266,0.0,0.0,0.0,0.0,0.0,0.0,0.0,0.0,0.0,0.07122774133083411,0.000937207122774133,0.0,0.0,0.0,0.0,0.0,0.0,0.0,0.0,0.0,0.0,0.0,0.0,0.0,0.0,0.0,0.06935332708528584,0.0,0.0,0.0,0.0,0.0,0.0,0.0,0.0,0.0,0.0,0.001874414245548266,0.0
611_t1_20240404,0.0,0.0,0.0,0.0,0.0,0.0,0.0,0.0,0.19654974407103032,0.1590402509277039,0.1590402509277039,0.0,0.0,0.0,0.0,0.0,0.0,0.0,0.0,0.0,0.0,0.0,0.13503417531597503,0.0,0.0,0.0,0.0,0.0,0.0,0.0,0.0,0.0,0.0,0.0,0.0,0.0,0.0,0.0,0.0,0.349588476095802,0.0,0.0,0.0,0.0,0.0,0.0,0.0,0.0,0.0,0.0,0.001500379725733056,0.0
613_t1_20240417,0.0,0.0,0.0,0.0,0.01686894748412028,0.08996771991530816,0.01124596498941352,0.00421723687103007,0.03373789496824056,0.05904131619442098,0.11105390427045851,0.01686894748412028,0.0140574562367669,0.0,0.0,0.0,0.0,0.0,0.0,0.0,0.0,0.00702872811838345,0.2684974141222478,0.02670916684985711,0.00421723687103007,0.0,0.0,0.0,0.0,0.0,0.0,0.0,0.0,0.0,0.0,0.0,0.0,0.0,0.0,0.29801807221945825,0.0,0.0,0.0,0.0,0.0,0.0,0.0,0.0,0.0,0.0,0.03936087746294732,0.0
615_t1_20240613,0.0,0.0,0.0,0.0,0.00498420642408828,0.03987365139270624,0.0,0.0,0.10217623169380972,0.2392419083562374,0.3015444886573409,0.0,0.0,0.0,0.0,0.0,0.0,0.0,0.0,0.0,0.0,0.0,0.07227099314928005,0.0,0.0,0.0,0.0,0.0,0.0,0.0,0.0,0.0,0.0,0.0,0.0,0.0,0.0,0.0,0.0,0.24173401156828153,0.0,0.0,0.0,0.0,0.0,0.0,0.0,0.0,0.0,0.0,0.0,0.0
616_t1_20240516,0.0,0.0,0.0,0.0,0.0,0.0014791008527655532,0.0,0.0,0.007395504263827767,0.03254021876084217,0.17601300147910084,0.0044373025582966595,0.0014791008527655532,0.0,0.0,0.0,0.0,0.0,0.0,0.0,0.0,0.0,0.27955006117268955,0.0044373025582966595,0.0,0.0,0.0,0.0,0.0,0.0,0.0,0.0,0.0,0.0,0.0,0.0,0.0,0.0,0.0,0.4925405839709292,0.0,0.0,0.0,0.0,0.0,0.0,0.0,0.0,0.0,0.0,0.0014791008527655532,0.0
624_t1_20240506,0.0,0.0,0.0,0.0,0.0022823330515638206,0.229374471682164,0.0011411665257819103,0.0034234995773457307,0.08216398985629754,0.02510566356720203,0.0433643279797126,0.0034234995773457307,0.05135249366018597,0.0,0.0,0.0,0.0,0.0,0.0,0.0,0.0,0.0022823330515638206,0.15291631445477596,0.010270498732037192,0.0,0.0,0.0,0.0,0.0,0.0,0.0,0.0,0.0,0.0,0.0,0.0,0.0,0.0,0.0,0.3754437869822485,0.0,0.0,0.0,0.0,0.0,0.0,0.0,0.0,0.0,0.0,0.018258664412510565,0.0
625_t1_20240508,0.0,0.0,0.0,0.0,0.02156774705538384,0.01649298304235235,0.0,0.0,0.053285022136830666,0.29941107676885803,0.14716815637791328,0.001268691003257873,0.002537382006515746,0.0,0.0,0.0,0.0,0.0,0.0,0.0,0.0,0.0,0.13828731935510816,0.001268691003257873,0.0,0.0,0.0,0.0,0.0,0.0,0.0,0.0,0.0,0.0,0.0,0.0,0.0,0.0,0.0,0.319710132820984,0.0,0.0,0.0,0.0,0.0,0.0,0.0,0.0,0.0,0.0,0.0,0.0
634_t1_20240515,0.0,0.0,0.0,0.0,0.0,0.041530054644808745,0.0,0.0,0.022950819672131147,0.11584699453551911,0.7366120218579234,0.001092896174863388,0.0,0.0,0.0,0.0,0.0,0.0,0.0,0.0,0.0,0.001092896174863388,0.017486338797814208,0.001092896174863388,0.0,0.0,0.0,0.0,0.0,0.0,0.0,0.0,0.0,0.0,0.0,0.0,0.0,0.0,0.0,0.06229508196721311,0.0,0.0,0.0,0.0,0.0,0.0,0.0,0.0,0.0,0.0,0.0,0.0
637_t1_20240426,0.0,0.0,0.0,0.0,0.008379888268156423,0.03910614525139664,0.0,0.0,0.23743016759776533,0.08379888268156424,0.2206703910614525,0.0,0.0027932960893854745,0.0,0.0,0.0,0.0,0.0,0.0,0.0,0.0,0.0027932960893854745,0.22625698324022345,0.005586592178770949,0.0,0.0,0.0,0.0,0.0,0.0,0.0,0.0,0.0,0.0,0.0,0.0,0.0,0.0,0.0,0.12011173184357542,0.0,0.0,0.0,0.0,0.0,0.0,0.0,0.0,0.0,0.0,0.05307262569832402,0.0
640_t1_20240527,0.0,0.0,0.0,0.0,0.0,0.008645533141210374,0.0,0.0,0.21613832853025938,0.07204610951008646,0.3631123919308357,0.011527377521613834,0.0,0.0,0.0,0.0,0.0,0.0,0.0,0.0,0.0,0.0,0.16138328530259366,0.037463976945244955,0.0,0.0,0.0,0.0,0.0,0.0,0.0,0.0,0.0,0.0,0.0,0.0,0.0,0.0,0.0,0.12968299711815562,0.0,0.0,0.0,0.0,0.0,0.0,0.0,0.0,0.0,0.0,0.0,0.0
641_t1_20240531,0.0,0.0,0.0,0.0,0.01350583585499907,0.031513616994997835,0.0,0.0,0.0,0.0,0.0015006484283332303,0.0,0.0,0.0,0.0,0.0,0.0,0.0,0.0,0.0,0.0,0.0015006484283332303,0.3331439510899771,0.08853825727166058,0.0,0.0,0.0,0.0,0.0,0.0,0.0,0.0,0.0,0.0,0.0,0.0,0.0,0.0,0.0,0.1590687334033224,0.0,0.0,0.0,0.0,0.0,0.0,0.0,0.0,0.0,0.0,0.3721608102266411,0.0
655_t1_20240528,0.0,0.0,0.0,0.0,0.0,0.013642975628429246,0.0,0.0,0.002480541023350772,0.12030623963251244,0.446497384203139,0.0037208115350261576,0.0,0.0,0.0,0.0,0.0,0.0,0.0,0.0,0.0,0.0,0.04713027944366467,0.0,0.0,0.0,0.0,0.0,0.0,0.0,0.0,0.0,0.0,0.0,0.0,0.0,0.0,0.0,0.0,0.36712007145591424,0.0,0.0,0.0,0.0,0.0,0.0,0.0,0.0,0.0,0.0,0.0,0.0
663_t1_20240529,0.0,0.0,0.0,0.0,0.08368760183676491,0.0008998666864168271,0.0,0.0,0.0,0.0,0.0,0.0,0.0,0.04859280106650866,0.0,0.0,0.0,0.0,0.0,0.0,0.0,0.0,0.0,0.0,0.0,0.0,0.0,0.0,0.0,0.0,0.0,0.0,0.0,0.0,0.0,0.0,0.0,0.0,0.0,0.01799733372833654,0.0,0.0,0.0,0.0,0.0,0.0,0.0,0.0,0.0,0.0,0.8494741519774848,0.0
664_t1_20240517,0.0,0.0,0.0,0.0,0.001652892561983471,0.013223140495867768,0.0,0.0,0.01818181818181818,0.08099173553719008,0.34049586776859503,0.01652892561983471,0.004958677685950413,0.0,0.0,0.0,0.0,0.0,0.0,0.0,0.0,0.001652892561983471,0.36694214876033054,0.006611570247933884,0.0,0.0,0.0,0.0,0.0,0.0,0.0,0.0,0.0,0.0,0.0,0.0,0.0,0.0,0.0,0.1256198347107438,0.0,0.0,0.0,0.0,0.0,0.0,0.0,0.0,0.0,0.0,0.023140495867768594,0.0
666_t1_20240604,0.0,0.0,0.0,0.0,0.0066050198150594455,0.052840158520475564,0.001321003963011889,0.011889035667107,0.08190224570673713,0.07397622192866578,0.1690885072655218,0.007926023778071334,0.011889035667107,0.0,0.0,0.0,0.0,0.0,0.0,0.0,0.0,0.002642007926023778,0.11756935270805813,0.005284015852047556,0.0,0.0,0.0,0.0,0.0,0.0,0.0,0.0,0.0,0.0,0.0,0.0,0.0,0.0,0.0,0.44914134742404227,0.0,0.0,0.0,0.0,0.0,0.0,0.0,0.0,0.0,0.0,0.007926023778071334,0.0
673_t1_20240514,0.0,0.0,0.0,0.0,0.007717750826901874,0.011025358324145536,0.0,0.0,0.024255788313120176,0.08599779492833516,0.14332965821389196,0.0,0.0011025358324145535,0.0,0.0,0.0,0.0,0.0,0.0,0.0,0.0,0.0,0.360529217199559,0.0,0.0,0.0,0.0,0.0,0.0,0.0,0.0,0.0,0.0,0.0,0.0,0.0,0.0,0.0,0.0,0.3649393605292172,0.0,0.0,0.0,0.0,0.0,0.0,0.0,0.0,0.0,0.0,0.0011025358324145535,0.0
674_t1_20240506,0.0,0.0,0.0,0.0,0.0019047619047619048,0.0038095238095238095,0.0,0.0,0.022857142857142854,0.10857142857142857,0.2857142857142857,0.0,0.0,0.0,0.0,0.0,0.0,0.0,0.0,0.0,0.0,0.0,0.4609523809523809,0.0019047619047619048,0.0,0.0,0.0,0.0,0.0,0.0,0.0,0.0,0.0,0.0,0.0,0.0,0.0,0.0,0.0,0.11428571428571428,0.0,0.0,0.0,0.0,0.0,0.0,0.0,0.0,0.0,0.0,0.0,0.0
683_t1_20240611,0.0,0.0,0.0,0.0,0.004616656059123595,0.0,0.0,0.0,0.04847488862079775,0.0946414492120337,0.4547406218236741,0.0023083280295617976,0.0,0.0,0.0,0.0,0.0,0.0,0.0,0.0,0.0,0.0,0.2700743794587303,0.0023083280295617976,0.0,0.0,0.0,0.0,0.0,0.0,0.0,0.0,0.0,0.0,0.0,0.0,0.0,0.0,0.0,0.12464971359633707,0.0,0.0,0.0,0.0,0.0,0.0,0.0,0.0,0.0,0.0,0.0,0.0
691_t1_20240517,0.0,0.0,0.0,0.0,0.0,0.0031999999999999997,0.0,0.0,0.012799999999999999,0.0784,0.216,0.0031999999999999997,0.0048,0.0,0.0,0.0,0.0,0.0,0.0,0.0,0.0,0.0,0.2928,0.0048,0.0,0.0,0.0,0.0,0.0,0.0,0.0,0.0,0.0,0.0,0.0,0.0,0.0,0.0,0.0,0.384,0.0,0.0,0.0,0.0,0.0,0.0,0.0,0.0,0.0,0.0,0.0,0.0
692_t1_20240611,0.0,0.0,0.0,0.0,0.0,0.0,0.0,0.0,0.013363028953229397,0.031180400890868595,0.6837416481069042,0.0,0.0,0.0,0.0,0.0,0.0,0.0,0.0,0.0,0.0,0.0,0.2026726057906459,0.013363028953229397,0.0,0.0,0.0,0.0,0.0,0.0,0.0,0.0,0.0,0.0,0.0,0.0,0.0,0.0,0.0,0.05567928730512249,0.0,0.0,0.0,0.0,0.0,0.0,0.0,0.0,0.0,0.0,0.0,0.0
706_t1_20240613,0.0,0.0,0.0,0.0,0.0,0.0323415040622179,0.0,0.0,0.1603013679605583,0.06608916047496702,0.3557565446843969,0.0,0.004218457051593639,0.0,0.0,0.0,0.0,0.0,0.0,0.0,0.0,0.0,0.18701826262065135,0.004218457051593639,0.0,0.0,0.0,0.0,0.0,0.0,0.0,0.0,0.0,0.0,0.0,0.0,0.0,0.0,0.0,0.19123671967224498,0.0,0.0,0.0,0.0,0.0,0.0,0.0,0.0,0.0,0.0,0.0,0.0
720_t1_20240626,0.0,0.0,0.0,0.0,0.0051813471502590676,0.0077720207253886,0.0,0.0,0.02590673575129534,0.0621761658031088,0.27461139896373055,0.0025906735751295338,0.0025906735751295338,0.0,0.0,0.0,0.0,0.0,0.0,0.0,0.0,0.0,0.3082901554404145,0.0,0.0,0.0,0.0,0.0,0.0,0.0,0.0,0.0,0.0,0.0,0.0,0.0,0.0,0.0,0.0,0.14248704663212436,0.0,0.0,0.0,0.0,0.0,0.0,0.0,0.0,0.0,0.0,0.1683937823834197,0.0
726_t1_20240709,0.0,0.0,0.0,0.0,0.0,0.0,0.0,0.0,0.12793733681462138,0.04960835509138381,0.6344647519582245,0.0,0.0,0.0,0.0,0.0,0.0,0.0,0.0,0.0,0.0,0.0,0.0939947780678851,0.0,0.0,0.0,0.0,0.0,0.0,0.0,0.0,0.0,0.0,0.0,0.0,0.0,0.0,0.0,0.0,0.07310704960835508,0.0,0.0,0.0,0.0,0.0,0.0,0.0,0.0,0.0,0.0,0.020887728459530023,0.0
729_t1_20240903,0.0,0.0,0.0,0.0,0.004345338149565466,0.1260148063373985,0.0014484460498551553,0.0,0.03331425914666857,0.057937841994206214,0.14194771288580524,0.0,0.0028968920997103106,0.0,0.0,0.0,0.0,0.0,0.0,0.0,0.0,0.0014484460498551553,0.19119487858088052,0.005793784199420621,0.0,0.0,0.0,0.0,0.0,0.0,0.0,0.0,0.0,0.0,0.0,0.0,0.0,0.0,0.0,0.4243946926075605,0.0,0.0,0.0,0.0,0.0,0.0,0.0,0.0,0.0,0.0014484460498551553,0.008690676299130931,0.0
731_t1_20240710,0.0,0.0,0.0,0.0,0.001947419668938656,0.005842259006815968,0.0,0.0,0.043816942551119765,0.0555014605647517,0.4566699123661148,0.002921129503407984,0.012658227848101264,0.0,0.0,0.0,0.0,0.0,0.0,0.0,0.0,0.002921129503407984,0.21908471275559882,0.011684518013631935,0.0,0.0,0.0,0.0,0.0,0.0,0.0,0.0,0.0,0.0,0.0,0.0,0.0,0.0,0.0,0.18597857838364165,0.0,0.0,0.0,0.0,0.0,0.0,0.0,0.0,0.0,0.000973709834469328,0.0,0.0
732_t1_20240807,0.0,0.0,0.0,0.0,0.003210272873194221,0.20545746388443015,0.04975922953451043,0.0,0.1508828250401284,0.030497592295345103,0.20064205457463885,0.008025682182985553,0.03852327447833065,0.0016051364365971105,0.0,0.0,0.0,0.0,0.0,0.0,0.0,0.0,0.06581059390048154,0.011235955056179773,0.0,0.0,0.0,0.0,0.0,0.0,0.0,0.0,0.0,0.0,0.0,0.0,0.0,0.0,0.0,0.23113964686998392,0.0,0.0,0.0,0.0,0.0,0.0,0.0,0.0,0.0,0.0,0.003210272873194221,0.0
735_t1_20240712,0.0,0.0,0.0,0.0,0.0,0.22297297297297297,0.0,0.0,0.13738738738738737,0.07432432432432433,0.22522522522522523,0.0,0.036036036036036036,0.0,0.0,0.0,0.0,0.0,0.0,0.0,0.0,0.033783783783783786,0.018018018018018018,0.038288288288288286,0.0,0.0,0.0,0.0,0.0,0.0,0.0,0.0,0.0,0.0,0.0,0.0,0.0,0.0,0.0,0.21396396396396397,0.0,0.0,0.0,0.0,0.0,0.0,0.0,0.0,0.0,0.0,0.0,0.0
742_t1_20240711,0.0,0.0,0.0,0.0,0.003167898627243928,0.012671594508975712,0.0,0.0,0.13833157338965152,0.03801478352692714,0.29778247096092925,0.0021119324181626186,0.0,0.0,0.0,0.0,0.0,0.0,0.0,0.0,0.0,0.0,0.20380147835269272,0.0010559662090813093,0.0,0.0,0.0,0.0,0.0,0.0,0.0,0.0,0.0,0.0,0.0,0.0,0.0,0.0,0.0,0.22280887011615627,0.0,0.0,0.0,0.0,0.0,0.0,0.0,0.0,0.0,0.0,0.08025343189017951,0.0
745_t1_20240830,0.0,0.0,0.0,0.0,0.008375209380234507,0.016750418760469014,0.0,0.0,0.18592964824120603,0.011725293132328308,0.47906197654941374,0.0,0.0016750418760469012,0.0,0.0,0.0,0.0,0.0,0.0,0.0,0.0,0.0,0.08207705192629816,0.0033500837520938024,0.0,0.0,0.0,0.0,0.0,0.0,0.0,0.0,0.0,0.0,0.0,0.0,0.0,0.0,0.0,0.04355108877721943,0.0,0.0,0.0,0.0,0.0,0.0,0.0,0.0,0.0,0.0,0.16750418760469013,0.0
753_t1_20240611,0.0,0.0,0.0,0.0,0.003471106254419232,0.010413318763257696,0.0,0.0,0.11107540014141543,0.017355531272096162,0.7202545477919907,0.0,0.0,0.0,0.0,0.0,0.0,0.0,0.0,0.0,0.0,0.006942212508838464,0.0867776563604808,0.0,0.0,0.0,0.0,0.0,0.0,0.0,0.0,0.0,0.0,0.0,0.0,0.0,0.0,0.0,0.0,0.02950440316256347,0.0,0.0,0.0,0.0,0.0,0.0,0.0,0.0,0.0,0.0,0.015619978144886543,0.0
756_t1_20240806,0.0,0.0,0.0,0.0,0.004767580452920143,0.060786650774731825,0.0,0.0,0.3373063170441001,0.04886769964243146,0.17878426698450536,0.0,0.0,0.0,0.0,0.0,0.0,0.0,0.0,0.0,0.0,0.0,0.10607866507747318,0.0011918951132300357,0.0,0.0,0.0,0.0,0.0,0.0,0.0,0.0,0.0,0.0,0.0,0.0,0.0,0.0,0.0,0.15733015494636474,0.0,0.0,0.0,0.0,0.0,0.0,0.0,0.0,0.0,0.0,0.10488676996424315,0.0
760_t1_20240807,0.0,0.0,0.0,0.0,0.002902757619738752,0.0043541364296081275,0.0,0.0,0.0420899854862119,0.05370101596516691,0.37445573294629897,0.0,0.0,0.0,0.0,0.0,0.0,0.0,0.0,0.0,0.0,0.0,0.3033381712626996,0.0,0.0,0.0,0.0,0.0,0.0,0.0,0.0,0.0,0.0,0.0,0.0,0.0,0.0,0.0,0.0,0.2177068214804064,0.0,0.0,0.0,0.0,0.0,0.0,0.0,0.0,0.0,0.0,0.001451378809869376,0.0
763_t1_20240726,0.0,0.0,0.0,0.0,0.008510638297872339,0.004255319148936169,0.0,0.0,0.0028368794326241132,0.02411347517730496,0.10354609929078014,0.0014184397163120566,0.0014184397163120566,0.0,0.0,0.0,0.0,0.0,0.0,0.0,0.0,0.0,0.7035460992907802,0.03687943262411347,0.0,0.0,0.0,0.0,0.0,0.0,0.0,0.0,0.0,0.0,0.0,0.0,0.0,0.0,0.0,0.11205673758865248,0.0,0.0,0.0,0.0,0.0,0.0,0.0,0.0,0.0,0.0014184397163120566,0.0,0.0
769_t1_20240807,0.0,0.0,0.0,0.0,0.0018726591760299626,0.011235955056179775,0.0,0.0,0.08801498127340825,0.0056179775280898875,0.850187265917603,0.0018726591760299626,0.0,0.0,0.0,0.0,0.0,0.0,0.0,0.0,0.0,0.0,0.016853932584269662,0.0,0.0,0.0,0.0,0.0,0.0,0.0,0.0,0.0,0.0,0.0,0.0,0.0,0.0,0.0,0.0,0.024344569288389514,0.0,0.0,0.0,0.0,0.0,0.0,0.0,0.0,0.0,0.0,0.0,0.0
770_t1_20240819,0.0,0.0,0.0,0.0,0.0019193857965451053,0.042226487523992315,0.0038387715930902106,0.0,0.15163147792706333,0.015355086372360842,0.2111324376199616,0.0019193857965451053,0.005758157389635315,0.0,0.0,0.0,0.0,0.0,0.0,0.0,0.0,0.0,0.1497120921305182,0.005758157389635315,0.0,0.0,0.0,0.0,0.0,0.0,0.0,0.0,0.0,0.0,0.0,0.0,0.0,0.0,0.0,0.37811900191938574,0.0,0.0,0.0,0.0,0.0,0.0,0.0,0.0,0.0,0.0,0.03262955854126679,0.0
783_t1_20241017,0.0,0.0,0.0,0.0,0.0,0.0,0.0,0.0,0.0717943667520189,0.014957159740003941,0.7119608036241876,0.005982863896001576,0.0,0.0,0.0,0.0,0.0,0.0,0.0,0.0,0.0,0.0,0.08974295844002364,0.005982863896001576,0.0,0.0,0.0,0.0,0.0,0.0,0.0,0.0,0.0,0.0,0.0,0.0,0.0,0.0,0.0,0.1017086862320268,0.0,0.0,0.0,0.0,0.0,0.0,0.0,0.0,0.0,0.0,0.0,0.0
788_t1_20241022,0.0,0.0,0.0,0.0,0.0,0.0,0.0,0.0,0.0,0.0,0.0,0.0,0.0,0.0,0.0,0.0,0.0,0.0,0.0,0.0,0.0,0.0,0.35714285714285715,0.0,0.0,0.0,0.0,0.0,0.0,0.0,0.0,0.0,0.0,0.0,0.0,0.0,0.0,0.0,0.0,0.0,0.0,0.0,0.0,0.0,0.0,0.0,0.0,0.0,0.0,0.0,0.6428571428571429,0.0
792_t1_20240708,0.0,0.0,0.0,0.0,0.0032310177705977385,0.050080775444264945,0.0,0.0032310177705977385,0.12762520193861066,0.09208400646203554,0.172859450726979,0.0210016155088853,0.0032310177705977385,0.0,0.0,0.0,0.0,0.0,0.0,0.0016155088852988692,0.0,0.008077544426494346,0.2940226171243942,0.004846526655896607,0.0,0.0,0.0,0.0,0.0,0.0,0.0,0.0,0.0,0.0,0.0,0.0,0.0,0.0,0.0,0.20193861066235866,0.0,0.0,0.0,0.0,0.0,0.0,0.0,0.0,0.0,0.0,0.01615508885298869,0.0
795_t1_20240925,0.0,0.0,0.0,0.0,0.01267638696888286,0.015845483711103576,0.0,0.0,0.044367354391090005,0.003169096742220715,0.8033660241529512,0.0,0.0,0.009507290226662144,0.0,0.0,0.0,0.0,0.0,0.0,0.0,0.044367354391090005,0.038029160906648575,0.007922741855551788,0.0,0.0,0.0,0.0,0.0,0.0,0.0,0.0,0.0,0.0,0.0,0.0,0.0,0.0,0.0,0.022183677195545003,0.0,0.0,0.0,0.0,0.0,0.0,0.0,0.0,0.0,0.0,0.0,0.0
806_t1_20240708,0.0,0.0,0.0,0.0,0.004324324324324324,0.007567567567567567,0.0,0.0,0.13945945945945945,0.08864864864864865,0.3610810810810811,0.012972972972972972,0.001081081081081081,0.0,0.0,0.0,0.0,0.0,0.0,0.0,0.0,0.002162162162162162,0.21513513513513513,0.005405405405405406,0.001081081081081081,0.0,0.0,0.0,0.0,0.0,0.0,0.0,0.0,0.0,0.0,0.0,0.0,0.0,0.0,0.15567567567567567,0.0,0.0,0.0,0.0,0.0,0.0,0.0,0.0,0.0,0.004324324324324324,0.001081081081081081,0.0
845_t1_20240624,0.0,0.0,0.0,0.0,0.0,0.009026159146415073,0.0,0.0,0.05190041509188667,0.07220927317132059,0.2346801378067919,0.0,0.0,0.0,0.0,0.0,0.0,0.0,0.0,0.0,0.0,0.0022565397866037683,0.40166408201547077,0.0,0.0,0.0,0.0,0.0,0.0,0.0,0.0,0.0,0.0,0.0,0.0,0.0,0.0,0.0,0.0,0.22339743887377306,0.0,0.0,0.0,0.0,0.0,0.0,0.0,0.0,0.0,0.0,0.006769619359811304,0.0
846_t1_20240627,0.0,0.0,0.0,0.0,0.003490401396160558,0.008726003490401396,0.0,0.0,0.14659685863874344,0.03839441535776614,0.4013961605584642,0.001745200698080279,0.0,0.0,0.0,0.0,0.0,0.0,0.0,0.0,0.0,0.008726003490401396,0.02617801047120419,0.0,0.0,0.0,0.0,0.0,0.0,0.0,0.0,0.0,0.0,0.0,0.0,0.0,0.0,0.0,0.0,0.3193717277486911,0.0,0.0,0.0,0.0,0.0,0.0,0.0,0.0,0.0,0.0,0.04537521815008726,0.0
851_t1_20240806,0.0,0.0,0.0,0.0,0.0012220819649871,0.0024441639299742,0.0,0.0,0.0329962130546517,0.0073324917899226,0.0941003113040067,0.0,0.0,0.0,0.0,0.0,0.0,0.0,0.0,0.0,0.0,0.0,0.4888327859948401,0.0085545737549097,0.0,0.0,0.0,0.0,0.0,0.0,0.0,0.0,0.0,0.0,0.0,0.0,0.0,0.0,0.0,0.057437852354393706,0.0,0.0,0.0,0.0,0.0,0.0,0.0,0.0,0.0,0.0012220819649871,0.3067425732117621,0.0
856_t1_20241127,0.0,0.0,0.0,0.0,0.0,0.0029498525073746312,0.0,0.0,0.03539823008849557,0.07964601769911504,0.41297935103244837,0.0,0.0029498525073746312,0.0,0.0,0.0,0.0,0.0,0.0,0.0,0.0,0.0,0.39233038348082594,0.0,0.0,0.0,0.0,0.0,0.0,0.0,0.0,0.0,0.0,0.0,0.0,0.0,0.0,0.0,0.0,0.07374631268436578,0.0,0.0,0.0,0.0,0.0,0.0,0.0,0.0,0.0,0.0,0.0,0.0
857_t1_20240917,0.0014409221902017292,0.0,0.0,0.0,0.0,0.2680115273775216,0.0028818443804034585,0.005763688760806917,0.023054755043227668,0.29971181556195964,0.09221902017291067,0.004322766570605187,0.01296829971181556,0.0,0.0,0.0,0.0,0.0,0.0,0.0,0.0,0.03602305475504323,0.01296829971181556,0.007204610951008646,0.0,0.0,0.0,0.0,0.0,0.0,0.0,0.0,0.0,0.0,0.0,0.0,0.0,0.0,0.0,0.23342939481268013,0.0,0.0,0.0,0.0,0.0,0.0,0.0,0.0,0.0,0.0,0.0,0.0
858_t1_20241114,0.0,0.0,0.0,0.0,0.002012072434607646,0.03621730382293762,0.0,0.0,0.3118712273641851,0.056338028169014086,0.20321931589537223,0.01810865191146881,0.002012072434607646,0.0,0.0,0.0,0.0,0.0,0.0,0.0,0.0,0.002012072434607646,0.1488933601609658,0.01810865191146881,0.0,0.0,0.0,0.0,0.0,0.0,0.0,0.0,0.0,0.0,0.0,0.0,0.0,0.0,0.0,0.19114688128772636,0.0,0.0,0.0,0.0,0.0,0.0,0.0,0.0,0.0,0.004024144869215292,0.006036217303822937,0.0
859_t1_20240809,0.0,0.0,0.0,0.0,0.0,0.008565310492505354,0.0,0.0,0.18201284796573877,0.06423982869379015,0.2740899357601713,0.0,0.0,0.0,0.0,0.0,0.0,0.0,0.0,0.0,0.0,0.0,0.17130620985010708,0.004282655246252677,0.0,0.0,0.0,0.0,0.0,0.0,0.0,0.0,0.0,0.0,0.0,0.0,0.0,0.0,0.0,0.2826552462526767,0.0,0.0,0.0,0.0,0.0,0.0,0.0,0.0,0.0,0.0,0.01284796573875803,0.0
861_t1_20241129,0.0,0.0,0.0,0.0,0.0032362459546925564,0.027508090614886727,0.0,0.0,0.06957928802588997,0.1181229773462783,0.2686084142394822,0.016181229773462782,0.0048543689320388345,0.0,0.0,0.0,0.0,0.0,0.0,0.0,0.0,0.0,0.1941747572815534,0.0016181229773462782,0.0,0.0,0.0,0.0,0.0,0.0,0.0,0.0,0.0,0.0,0.0,0.0,0.0,0.0,0.0,0.28964401294498376,0.0,0.0,0.0,0.0,0.0,0.0,0.0,0.0,0.0016181229773462782,0.0032362459546925564,0.0016181229773462782,0.0
865_t1_20240819,0.0,0.0,0.0,0.0,0.002288329519450801,0.002288329519450801,0.0,0.0,0.045766590389016024,0.016018306636155607,0.13958810068649885,0.006864988558352402,0.002288329519450801,0.0,0.0,0.0,0.0,0.0,0.0,0.0,0.0,0.002288329519450801,0.09153318077803205,0.002288329519450801,0.0,0.0,0.0,0.0,0.0,0.0,0.0,0.0,0.0,0.0,0.0,0.0,0.0,0.0,0.0,0.6887871853546911,0.0,0.0,0.0,0.0,0.0,0.0,0.0,0.0,0.0,0.0,0.0,0.0
866_t1_20241022,0.0,0.0,0.0,0.0,0.0,0.009828009828009828,0.0,0.0,0.14987714987714987,0.022113022113022112,0.7174447174447174,0.0,0.0,0.0,0.0,0.0,0.0,0.0,0.0,0.0,0.0,0.0,0.0687960687960688,0.0,0.0,0.0,0.0,0.0,0.0,0.0,0.0,0.0,0.0,0.0,0.0,0.0,0.0,0.0,0.0,0.03194103194103194,0.0,0.0,0.0,0.0,0.0,0.0,0.0,0.0,0.0,0.0,0.0,0.0
873_t1_20241105,0.0,0.0,0.0,0.0,0.0,0.026917850707470534,0.007178093521992142,0.007178093521992142,0.10228783268838802,0.03947951437095678,0.7124257820577201,0.0,0.008972616902490177,0.0,0.0,0.0,0.0,0.0,0.0,0.0,0.0,0.0,0.017945233804980355,0.007178093521992142,0.0,0.0,0.0,0.0,0.0,0.0,0.0,0.0,0.0,0.0,0.0,0.0,0.0,0.0,0.0,0.07178093521992142,0.0,0.0,0.0,0.0,0.0,0.0,0.0,0.0,0.0,0.0,0.0,0.0
875_t1_20240809,0.0,0.0,0.0,0.0,0.0,0.0048192771084337345,0.0,0.0,0.07710843373493975,0.08192771084337348,0.2674698795180723,0.0,0.0,0.0,0.0,0.0,0.0,0.0,0.0,0.0,0.0,0.0,0.3397590361445783,0.009638554216867469,0.0,0.0,0.0,0.0,0.0,0.0,0.0,0.0,0.0,0.0,0.0,0.0,0.0,0.0,0.0,0.21927710843373494,0.0,0.0,0.0,0.0,0.0,0.0,0.0,0.0,0.0,0.0,0.0,0.0
877_t1_20241023,0.0,0.0,0.0,0.0,0.0015974440894568687,0.01277955271565495,0.0,0.0,0.07827476038338657,0.12460063897763576,0.3578274760383386,0.04952076677316294,0.01277955271565495,0.0,0.0,0.0,0.0,0.0,0.0,0.0,0.0,0.0031948881789137375,0.14536741214057508,0.004792332268370606,0.0,0.0,0.0,0.0,0.0,0.0,0.0,0.0,0.0,0.0,0.0,0.0,0.0,0.0,0.0,0.2092651757188498,0.0,0.0,0.0,0.0,0.0,0.0,0.0,0.0,0.0,0.0,0.0,0.0
887_t1_20241022,0.0,0.0,0.0,0.0,0.0,0.013416334248919928,0.0,0.0,0.04695716987121975,0.040249002746759785,0.41087523637317286,0.0,0.0,0.0,0.0,0.0,0.0,0.0,0.0,0.0,0.0,0.0,0.23310880757498376,0.010062250686689946,0.0,0.0,0.0,0.0,0.0,0.0,0.0,0.0,0.0,0.0,0.0,0.0,0.0,0.0,0.0,0.23981697469944374,0.0,0.0,0.0,0.0,0.0,0.0,0.0,0.0,0.0,0.0,0.006708167124459964,0.0
906_t1_20240923,0.0,0.0,0.0,0.0,0.0,0.0,0.0,0.0,0.018648018648018648,0.037296037296037296,0.846153846153846,0.0,0.0,0.0,0.0,0.0,0.0,0.0,0.0,0.0,0.0,0.0,0.013986013986013984,0.0,0.0,0.0,0.0,0.0,0.0,0.0,0.0,0.0,0.0,0.0,0.0,0.0,0.0,0.0,0.0,0.0839160839160839,0.0,0.0,0.0,0.0,0.0,0.0,0.0,0.0,0.0,0.0,0.0,0.0
910_t1_20241021,0.0,0.0,0.0,0.0,0.0027247956403269754,0.01634877384196185,0.0013623978201634877,0.0013623978201634877,0.0681198910081744,0.03678474114441417,0.7002724795640327,0.0013623978201634877,0.0027247956403269754,0.0,0.0,0.0,0.0,0.0,0.0,0.0,0.0,0.0,0.07220708446866485,0.009536784741144414,0.0,0.0,0.0,0.0,0.0,0.0,0.0,0.0,0.0,0.0,0.0,0.0,0.0,0.0,0.0,0.08446866485013624,0.0,0.0,0.0,0.0,0.0,0.0,0.0,0.0,0.0,0.0013623978201634877,0.0013623978201634877,0.0
929_t1_20241030,0.0,0.0,0.0,0.0,0.0,0.0,0.0,0.0,0.020348837209302324,0.020348837209302324,0.1511627906976744,0.0,0.0,0.0,0.0,0.0,0.0,0.0,0.0,0.0,0.0,0.0,0.32848837209302323,0.0029069767441860465,0.0,0.0,0.0,0.0,0.0,0.0,0.0,0.0,0.0,0.0,0.0,0.0,0.0,0.0,0.0,0.4563953488372093,0.0,0.0,0.0,0.0,0.0,0.0,0.0,0.0,0.0,0.0,0.020348837209302324,0.0
932_t1_20241007,0.0,0.0,0.0,0.0,0.002633404135419827,0.005266808270839654,0.0,0.0,0.09480254887511377,0.007900212406259481,0.5911992284017512,0.0013167020677099135,0.0013167020677099135,0.0,0.0,0.0,0.0,0.0,0.0,0.0,0.0,0.002633404135419827,0.11718648402618231,0.0013167020677099135,0.0,0.0,0.0,0.0,0.0,0.0,0.0,0.0,0.0,0.0,0.0,0.0,0.0,0.0,0.0,0.17248797086999867,0.0,0.0,0.0,0.0,0.0,0.0,0.0,0.0,0.0,0.0,0.002633404135419827,0.0
933_t1_20240902,0.0,0.0,0.0,0.0,0.002890173410404624,0.014450867052023121,0.0,0.0,0.04913294797687861,0.011560693641618497,0.45375722543352603,0.0,0.0,0.0,0.0,0.0,0.0,0.0,0.0,0.0,0.0,0.0,0.1936416184971098,0.0,0.0,0.0,0.0,0.0,0.0,0.0,0.0,0.0,0.0,0.0,0.0,0.0,0.0,0.0,0.0,0.2630057803468208,0.0,0.0,0.0,0.0,0.0,0.0,0.0,0.0,0.0,0.0,0.011560693641618497,0.0
935_t1_20240920,0.0,0.0,0.0,0.0,0.0,0.07559104106180009,0.0,0.0,0.02939651596847781,0.0,0.508139776026545,0.0,0.0,0.0,0.0,0.0,0.0,0.0,0.0,0.0,0.0,0.0,0.0,0.0,0.0,0.0,0.0,0.0,0.0,0.0,0.0,0.0,0.0,0.0,0.0,0.0,0.0,0.0,0.0,0.38635420987142266,0.0,0.0,0.0,0.0,0.0,0.0,0.0,0.0,0.0,0.0,0.0013998340937370385,0.0
940_t1_20240919,0.0,0.0,0.0,0.0,0.004139728617790611,0.016558914471162443,0.0,0.0,0.1117726726803465,0.13247131576929955,0.4367413691769095,0.0,0.0,0.0,0.0,0.0,0.0,0.0,0.0,0.0,0.0,0.0,0.17179873763831036,0.0,0.0,0.0,0.0,0.0,0.0,0.0,0.0,0.0,0.0,0.0,0.0,0.0,0.0,0.0,0.0,0.12626172284261364,0.0,0.0,0.0,0.0,0.0,0.0,0.0,0.0,0.0,0.0,0.0020698643088953054,0.0
952_t1_20241009,0.0,0.0,0.0,0.0,0.0,0.0019369031867238437,0.0019369031867238437,0.0,0.12008799757687831,0.08522374021584912,0.681789921726793,0.0,0.0,0.0,0.0,0.0,0.0,0.0,0.0,0.0,0.0,0.0,0.04067496692120072,0.0,0.0,0.0,0.0,0.0,0.0,0.0,0.0,0.0,0.0,0.0,0.0,0.0,0.0,0.0,0.0,0.06972851472205836,0.0,0.0,0.0,0.0,0.0,0.0,0.0,0.0,0.0,0.0,0.0,0.0
954_t1_20241016,0.0,0.0,0.0,0.0,0.0014858841010401188,0.04457652303120357,0.0,0.0,0.1887072808320951,0.2451708766716196,0.05349182763744427,0.0,0.0029717682020802376,0.0,0.0,0.0,0.0,0.0,0.0,0.0,0.0,0.0,0.17087667161961367,0.0,0.0,0.0,0.0,0.0,0.0,0.0,0.0,0.0,0.0,0.0,0.0,0.0,0.0,0.0,0.0,0.29123328380386326,0.0,0.0,0.0,0.0,0.0,0.0,0.0,0.0,0.0,0.0014858841010401188,0.0,0.0
955_t1_20240911,0.0,0.0,0.0,0.0,0.0,0.17693930743452896,0.0,0.0,0.030160109221794712,0.12868313267965745,0.07037358818418767,0.0060320218443589415,0.00804269579247859,0.0,0.0,0.0,0.0,0.0,0.0,0.0,0.0,0.0,0.062330892391709074,0.010053369740598237,0.0,0.0,0.0,0.0,0.0,0.0,0.0,0.0,0.0,0.0,0.0,0.0,0.0,0.0,0.0,0.5087005088742708,0.0,0.0,0.0,0.0,0.0,0.0,0.0,0.0,0.0,0.0,0.0,0.0
970_t1_20241014,0.0,0.0,0.0,0.0,0.0010405827263267429,0.0010405827263267429,0.0,0.0,0.08428720083246619,0.056191467221644115,0.6940686784599375,0.0,0.0,0.0,0.0,0.0,0.0,0.0,0.0,0.0,0.0,0.0010405827263267429,0.11966701352757543,0.0010405827263267429,0.0,0.0,0.0,0.0,0.0,0.0,0.0,0.0,0.0,0.0,0.0,0.0,0.0,0.0,0.0,0.03225806451612903,0.0,0.0,0.0,0.0,0.0,0.0,0.0,0.0,0.0,0.0,0.009365244536940685,0.0
982_t1_20241113,0.0,0.0,0.0,0.0,0.004725374092115625,0.011813435230289064,0.0,0.0,0.2055537730070297,0.033077618644809376,0.4701747221655047,0.0023626870460578125,0.004725374092115625,0.0,0.0,0.0,0.0,0.0,0.0,0.0,0.0,0.0,0.12049703934894844,0.0023626870460578125,0.0,0.0,0.0,0.0,0.0,0.0,0.0,0.0,0.0,0.0,0.0,0.0,0.0,0.0,0.0,0.14648659685558438,0.0,0.0,0.0,0.0,0.0,0.0,0.0,0.0,0.0,0.0,0.0,0.0
984_t1_20241106,0.0,0.0,0.0,0.0,0.0009784735812133072,0.003913894324853229,0.0,0.0,0.051859099804305274,0.004892367906066536,0.30136986301369856,0.003913894324853229,0.002935420743639921,0.0,0.0,0.0,0.0,0.0,0.0,0.0,0.0,0.0009784735812133072,0.2925636007827789,0.007827788649706457,0.0,0.0,0.0,0.0,0.0,0.0,0.0,0.0,0.0,0.0,0.0,0.0,0.0,0.0,0.0,0.32387475538160465,0.0,0.0,0.0,0.0,0.0,0.0,0.0,0.0,0.0,0.0,0.004892367906066536,0.0
987_t1_20241203,0.0,0.0,0.0,0.0,0.0024813895781637713,0.04714640198511166,0.0012406947890818856,0.0,0.06699751861042183,0.0781637717121588,0.3821339950372208,0.0,0.0012406947890818856,0.0,0.0,0.0,0.0,0.0,0.0,0.0,0.0,0.0,0.2084367245657568,0.0,0.0,0.0,0.0,0.0,0.0,0.0,0.0,0.0,0.0,0.0,0.0,0.0,0.0,0.0,0.0,0.2096774193548387,0.0,0.0,0.0,0.0,0.0,0.0,0.0,0.0,0.0,0.0,0.0024813895781637713,0.0
992_t1_20241119,0.0,0.0,0.0,0.0,0.0,0.007407407407407408,0.0,0.004444444444444444,0.11407407407407406,0.10666666666666666,0.7185185185185186,0.0,0.0014814814814814814,0.0,0.0,0.0,0.0,0.0,0.0,0.0,0.0,0.0,0.008888888888888887,0.0,0.0,0.0,0.0,0.0,0.0,0.0,0.0,0.0,0.0,0.0,0.0,0.0,0.0,0.0,0.0,0.038518518518518514,0.0,0.0,0.0,0.0,0.0,0.0,0.0,0.0,0.0,0.0,0.0,0.0
