video_name,action_class_00,action_class_01,action_class_02,action_class_03,action_class_04,action_class_05,action_class_06,action_class_07,action_class_08,action_class_09,action_class_10,action_class_11,action_class_12,action_class_13,action_class_14,action_class_15,action_class_16,action_class_17,action_class_18,action_class_19,action_class_20,action_class_21,action_class_22,action_class_23,action_class_24,action_class_25,action_class_26,action_class_27,action_class_28,action_class_29,action_class_30,action_class_31,action_class_32,action_class_33,action_class_34,action_class_35,action_class_36,action_class_37,action_class_38,action_class_39,action_class_40,action_class_41,action_class_42,action_class_43,action_class_44,action_class_45,action_class_46,action_class_47,action_class_48,action_class_49,action_class_50,action_class_51
004_t1_20230217,0,0,0,0,1,19,0,0,40,111,127,1,0,0,0,0,0,0,0,0,0,0,65,0,0,0,0,0,0,0,0,0,0,0,0,0,0,0,0,115,0,0,0,0,0,0,0,0,0,0,1,0
005_t1_20230519,0,0,0,0,0,1,0,0,0,41,94,2,0,0,0,0,0,0,0,0,0,0,23,0,0,0,0,0,0,0,0,0,0,0,0,0,0,0,0,175,0,0,0,0,0,0,0,0,0,0,0,0
007_t1_20230302,0,0,0,0,1,5,0,0,77,51,111,0,1,0,0,0,0,0,0,0,0,0,20,0,0,0,0,0,0,0,0,0,0,0,0,0,0,0,0,35,0,0,0,0,0,0,0,0,0,0,2,0
008_t1_20230327,0,0,0,0,8,29,1,0,181,43,336,0,1,0,0,0,0,0,0,0,1,0,207,1,1,0,0,0,0,0,0,0,0,0,0,0,0,0,0,234,0,0,0,0,0,0,0,0,0,0,21,0
013_t1_20230310,0,0,0,0,1,7,0,0,84,65,241,2,2,0,0,0,0,0,0,0,0,0,174,0,0,0,0,0,0,0,0,0,0,0,0,0,0,0,0,221,0,0,0,0,0,0,0,0,0,0,7,0
028_t1_20230315,0,0,0,0,1,0,0,0,24,12,171,0,0,0,0,0,0,0,0,0,0,0,22,0,0,0,0,0,0,0,0,0,0,0,0,0,0,0,0,41,0,0,0,0,0,0,0,0,0,0,0,0
044_t1_2023-01-18_12-26-49,0,0,0,0,2,8,0,0,16,126,526,2,0,0,0,0,0,0,0,0,0,1,363,0,0,0,0,0,0,0,0,0,0,0,0,0,0,0,0,452,0,0,0,0,0,0,0,0,0,0,1,0
052_t1_20230627,0,0,0,0,1,7,0,0,2,0,42,0,0,0,0,0,0,0,0,0,0,0,84,0,0,0,0,0,0,0,0,0,0,0,0,0,0,0,0,103,0,0,0,0,0,0,0,0,0,0,1,0
060_t1_20230626,0,0,0,0,1,64,0,0,142,76,174,2,1,0,0,0,0,0,0,0,0,0,164,3,0,0,0,0,0,0,0,0,0,0,0,0,0,0,0,229,0,0,0,0,0,0,0,0,0,0,2,0
071_t1_20230721,0,0,0,0,1,7,15,0,2,2,277,1,1,0,0,0,0,0,0,0,0,0,9,0,0,0,0,0,0,0,0,0,0,0,0,0,0,0,0,21,0,0,0,0,0,0,0,0,0,0,7,0
074_t1_20230704,0,0,0,0,1,10,0,0,39,31,77,2,0,1,0,0,0,0,0,0,0,0,199,2,0,0,0,0,0,0,0,0,0,0,0,0,0,0,0,195,0,0,0,0,0,0,0,0,0,0,10,0
077_t1_20230414,0,0,0,0,2,16,5,0,41,18,289,0,4,0,0,0,0,0,0,0,0,0,47,0,0,0,0,0,0,0,0,0,0,0,0,0,0,0,0,129,0,0,0,0,0,0,0,0,0,0,18,0
093_t1_OBS_2023-03-09,0,0,0,0,0,171,0,22,19,62,98,0,12,0,0,0,0,0,0,0,0,1,10,0,0,0,0,0,0,0,0,0,0,0,0,0,0,0,0,186,0,0,0,0,0,0,0,0,0,0,0,0
094_t1_20230214,0,0,0,0,0,51,0,8,70,48,3,0,1,0,0,0,0,0,0,0,0,0,5,0,0,0,0,0,0,0,0,0,0,0,0,0,0,0,0,63,0,0,0,0,0,0,0,0,0,0,0,0
096_t1_20230505_1,0,0,0,0,0,52,0,0,101,5,333,0,0,0,0,0,0,0,0,0,0,0,266,1,0,0,0,0,0,0,0,0,0,0,0,0,0,0,0,215,0,0,0,0,0,0,0,0,0,1,3,0
096_t1_20230512_2,0,0,0,0,0,23,0,0,179,57,448,0,5,0,0,0,0,0,0,0,0,0,186,3,0,0,0,0,0,0,0,0,0,0,0,0,0,0,0,328,0,0,0,0,0,0,0,0,0,0,16,0
1006_t1_20241107,0,0,0,0,1,17,5,0,10,0,198,0,3,0,0,0,0,0,0,0,0,1,18,0,0,0,0,0,0,0,0,0,0,0,0,0,0,0,0,18,0,0,0,0,0,0,0,0,0,0,1,0
100_t1_20230323,0,0,0,0,4,14,1,0,110,7,376,1,1,0,0,0,0,0,0,0,0,1,80,0,1,0,0,0,0,0,0,0,0,0,0,0,0,0,0,36,0,0,0,0,0,0,0,0,0,1,44,0
1014_t1_20241119,0,0,0,0,1,11,5,0,20,8,165,0,1,0,0,0,0,0,0,0,0,0,51,8,0,0,0,0,0,0,0,0,0,0,0,0,0,0,0,26,0,0,0,0,0,0,0,0,0,0,2,0
1016_t1_20241205,0,0,0,0,2,2,0,0,3,39,135,1,2,0,0,0,0,0,0,0,0,0,29,0,0,0,0,0,0,0,0,0,0,0,0,0,0,0,0,108,0,0,0,0,0,0,0,0,0,0,0,0
1017_t1_20241202,0,0,0,0,0,8,0,0,0,30,280,2,5,0,0,0,0,0,0,0,0,0,193,22,0,0,0,0,0,0,0,0,0,0,0,0,0,0,0,53,0,0,0,0,0,0,0,0,0,0,0,0
1024_t1_20241104,0,0,0,0,3,2,0,0,107,47,346,20,0,0,0,0,0,0,0,0,0,0,128,2,0,0,0,0,0,0,0,0,0,0,0,0,0,0,0,310,0,0,0,0,0,0,0,0,0,1,2,0
1025_t1_20241203,0,0,0,0,0,5,0,0,7,65,48,2,2,0,0,0,0,0,0,0,0,0,77,2,0,0,0,0,0,0,0,0,0,0,0,0,0,0,0,164,0,0,0,0,0,0,0,0,0,0,0,0
1028_t1_20241118,0,0,0,0,0,2,0,0,71,16,209,0,0,0,0,0,0,0,0,0,0,0,157,0,0,0,0,0,0,0,0,0,0,0,0,0,0,0,0,20,0,0,0,0,0,0,0,0,0,0,0,0
1029_t1_20241104,0,0,0,0,3,22,0,0,0,18,122,0,1,0,0,0,0,0,0,0,0,0,122,4,0,0,0,0,0,0,0,0,0,0,0,0,0,0,0,279,0,0,0,0,0,0,0,0,0,1,1,0
1034_t1_20241213,0,0,0,0,1,6,0,0,95,65,84,0,0,0,0,0,0,0,0,0,0,1,165,1,0,0,0,0,0,0,0,0,0,0,0,0,0,0,0,23,0,0,0,0,0,0,0,0,0,1,4,0
1037_t1_20250130,0,0,0,0,0,4,0,0,8,91,191,0,0,0,0,0,0,0,0,0,0,1,107,1,0,0,0,0,0,0,0,0,0,0,0,0,0,0,0,125,0,0,0,0,0,0,0,0,0,0,49,0
1040_t1_20241119,0,0,0,0,0,19,0,0,3,11,163,1,0,0,0,0,0,0,0,0,0,0,265,13,0,0,0,0,0,0,0,0,0,0,0,0,0,0,0,43,0,0,0,0,0,0,0,0,0,1,0,0
1053_t1_20241206,0,0,0,0,2,3,0,0,57,7,459,0,0,0,0,0,0,0,0,0,0,0,71,0,0,0,0,0,0,0,0,0,0,0,0,0,0,0,0,12,0,0,0,0,0,0,0,0,0,0,7,0
1055_t1_20241122,0,0,0,0,1,2,0,0,8,4,320,0,0,0,0,0,0,0,0,0,0,0,16,7,0,0,0,0,0,0,0,0,0,0,0,0,0,0,0,11,0,0,0,0,0,0,0,0,0,0,0,0
1060_t1_20250131,0,0,0,0,7,28,0,0,18,106,425,0,0,0,0,0,0,2,0,0,0,0,95,5,0,1,0,0,0,0,0,0,0,0,0,0,0,0,0,174,0,0,0,0,0,0,0,0,0,0,0,0
1061_t1_20241202,0,0,0,0,5,9,0,0,3,69,53,0,0,0,0,0,0,0,0,0,0,0,134,2,0,0,0,0,0,0,0,0,0,0,0,0,0,0,0,129,0,0,0,0,0,0,0,0,0,0,1,0
1068_t1_2024_11_24,0,0,0,0,0,8,0,0,58,11,102,0,1,0,0,0,0,0,0,0,0,0,72,0,0,0,0,0,0,0,0,0,0,0,0,0,0,0,0,75,0,0,0,0,0,0,0,0,0,0,1,0
1069_t1_20241120,0,0,0,0,1,6,0,2,51,74,443,2,2,0,0,0,0,0,0,0,0,1,112,23,0,0,0,0,0,0,0,0,0,0,0,0,0,0,0,228,0,0,0,0,0,0,0,0,0,0,0,0
1075_t1_20250107,0,0,0,0,7,111,1,3,19,193,77,2,9,0,0,0,0,0,0,0,0,35,36,3,0,0,0,0,0,0,0,0,0,0,0,0,0,0,0,247,0,0,0,0,0,0,0,0,0,0,0,0
1076_t1_20250110,0,0,0,0,0,12,0,0,35,36,128,0,0,0,0,0,0,0,0,0,0,0,76,2,0,0,0,0,0,0,0,0,0,0,0,0,0,0,0,160,0,0,0,0,0,0,0,0,0,0,8,0
1104_t1_20250120,0,0,0,0,8,38,1,0,14,208,376,0,0,0,0,0,0,0,0,0,0,0,169,4,0,0,0,0,0,0,0,0,0,0,0,0,0,0,0,138,0,0,0,0,0,0,0,0,0,0,0,0
1111_t1_20250206,0,0,0,0,0,4,0,0,5,118,233,0,1,0,0,0,0,0,0,0,0,0,105,0,0,0,0,0,0,0,0,0,0,0,0,0,0,0,0,114,0,0,0,0,0,0,0,0,0,0,0,0
114_t1_16052023,0,0,0,0,1,13,5,0,88,139,273,0,2,0,0,0,0,0,0,0,0,0,67,0,0,0,0,0,0,0,0,0,0,0,0,0,0,0,0,200,0,0,0,0,0,0,0,0,0,0,0,0
115_t1_20230228,0,0,0,0,1,0,1,0,30,0,440,0,0,0,0,0,0,0,0,0,0,0,0,0,0,0,0,0,0,0,0,0,0,0,0,0,0,0,0,2,0,0,0,0,0,0,0,0,0,0,0,0
117_t1_20230124,0,0,0,0,0,12,0,0,48,26,134,0,2,0,0,0,0,0,0,0,0,0,105,2,0,0,0,0,0,0,0,0,0,0,0,0,0,0,0,104,0,0,0,0,0,0,0,0,0,0,9,0
119_t1_20230222,0,0,0,0,3,15,48,0,4,32,112,2,0,0,0,0,0,0,0,0,0,0,37,1,0,0,0,0,0,0,0,0,0,0,0,0,0,0,0,228,0,0,0,0,0,0,0,0,0,0,0,0
120_t1_20230201,0,0,0,0,4,27,0,0,2,40,103,0,1,0,0,0,0,0,0,0,0,0,92,1,0,0,0,0,0,0,0,0,0,0,0,0,0,0,0,72,0,0,0,0,0,0,0,0,0,0,0,0
121_t1_20230223,0,0,0,0,1,31,8,0,37,27,290,0,2,0,0,0,0,0,0,0,0,0,42,0,0,0,0,0,0,0,0,0,0,0,0,0,0,0,0,97,0,0,0,0,0,0,0,0,0,0,0,0
123_t1_20230131,0,0,0,0,0,3,0,0,12,4,261,0,0,0,0,0,0,0,0,0,0,0,32,0,0,0,0,0,0,0,0,0,0,0,0,0,0,0,0,96,0,0,0,0,0,0,0,0,0,0,0,0
124_t1_20230202,0,0,0,0,1,24,1,0,6,20,266,0,1,0,0,0,0,0,0,0,0,0,434,2,0,0,0,0,0,0,0,0,0,0,0,0,0,0,0,69,0,0,0,0,0,0,0,0,0,0,111,0
125_t1_20230201,0,0,0,0,1,2,0,0,34,14,180,1,0,0,0,0,0,0,0,0,0,0,108,0,0,0,0,0,0,0,0,0,0,0,0,0,0,0,0,184,0,0,0,0,0,0,0,0,0,0,0,0
129_t1_20230315,0,0,0,0,0,8,0,0,157,149,121,12,1,0,0,0,0,0,0,0,0,0,82,2,0,0,0,0,0,0,0,0,0,0,0,0,0,0,0,70,0,0,0,0,0,0,0,0,1,0,3,0
130_t1_20230310,0,0,0,0,3,2,0,0,19,47,106,0,1,0,0,0,0,0,0,0,0,0,81,0,0,0,0,0,0,0,0,0,0,0,0,0,0,0,0,62,0,0,0,0,0,0,0,0,0,0,2,0
131_t1_20230315,0,0,0,0,2,3,0,0,28,42,92,2,1,0,0,0,0,0,0,0,0,0,119,1,0,0,0,0,0,0,0,0,0,0,0,0,0,0,0,296,0,0,0,0,0,0,0,0,0,0,7,0
132_t1_20230320,0,0,0,0,2,4,0,0,92,22,73,0,2,0,0,0,0,0,0,0,0,0,153,0,0,0,0,0,0,0,0,0,0,0,0,0,0,0,0,242,0,0,0,0,0,0,0,0,0,0,4,0
134_t1_20230316,1,0,0,0,3,42,1,0,303,17,362,0,13,0,0,0,0,0,0,0,0,0,42,55,0,0,0,0,0,0,0,0,0,0,0,0,0,0,5,248,0,0,0,0,0,0,0,0,1,0,6,0
135_t1_OBS_20230321,0,0,0,0,0,5,0,0,46,47,72,2,1,0,0,0,0,0,0,0,0,0,167,0,0,0,0,0,0,0,0,0,0,0,0,0,0,0,0,294,0,0,0,0,0,0,0,0,0,0,0,0
136_t1_20230328,0,0,0,0,2,42,3,0,47,9,46,0,2,0,0,0,0,0,0,0,0,0,51,0,0,0,0,0,0,0,0,0,0,0,0,0,0,0,0,243,0,0,0,0,0,0,0,0,0,0,0,0
137_t1_OBS_20230329,0,0,0,0,6,7,0,0,30,37,47,0,1,0,0,0,0,0,0,0,0,0,330,0,0,0,0,0,0,0,0,0,0,0,0,0,0,0,0,114,0,0,0,0,0,0,0,0,0,0,9,0
139_t1_20230621,0,0,0,0,7,61,2,0,0,61,2,0,2,0,0,0,0,0,0,0,0,0,38,0,0,0,0,0,0,0,0,0,0,0,0,0,0,0,0,139,0,0,0,0,0,0,0,0,0,0,0,0
140_t1_20230711,0,0,0,0,0,6,0,0,34,10,310,0,3,0,0,0,0,0,0,0,0,0,71,0,0,0,0,0,0,0,0,0,0,0,0,0,0,0,0,26,0,0,0,0,0,0,0,0,1,0,4,0
141_t1_OBS_20230404,0,0,0,0,1,9,0,0,171,16,217,0,3,0,0,0,0,0,0,0,0,0,64,0,0,0,0,0,0,0,0,0,0,0,0,0,0,0,0,65,0,0,0,0,0,0,0,0,0,0,27,0
142_t1_20230419,0,0,0,0,3,17,0,0,137,79,82,0,1,0,0,0,0,0,0,0,0,0,305,0,0,0,0,0,0,0,0,0,0,0,0,0,0,0,0,341,0,0,0,0,0,0,0,0,0,0,23,0
144_t1_20230412,0,0,0,0,1,16,0,0,8,152,189,2,9,0,0,0,0,0,0,0,0,0,84,1,0,0,0,0,0,0,0,0,0,0,0,0,0,0,0,181,0,0,0,0,0,0,0,0,0,0,0,0
147_t1_20230427,0,0,0,0,6,44,0,0,111,228,118,7,2,0,0,0,0,0,0,0,0,0,280,0,0,0,0,0,0,0,0,0,0,0,0,0,0,0,0,227,0,0,0,0,0,0,0,0,0,0,1,0
148_t1_2023-06-23,0,0,0,0,1,14,4,0,15,94,192,0,3,0,0,0,0,0,0,0,0,0,13,1,0,0,0,0,0,0,0,0,0,0,0,0,0,0,0,95,0,0,0,0,0,0,0,0,0,0,1,0
151_t1_20230515,0,0,0,0,1,8,0,0,121,37,281,0,0,0,0,0,0,0,0,0,0,0,97,0,0,0,0,0,0,0,0,0,0,0,0,0,0,0,0,26,0,0,0,0,0,0,0,0,0,0,24,0
155_t1_20230502,0,0,0,0,2,12,2,0,63,12,235,4,2,0,0,0,0,0,0,0,0,0,192,2,0,0,0,0,0,0,0,0,0,0,0,0,0,0,0,306,0,0,0,0,0,0,0,0,0,0,2,0
156_t1_20230524,0,0,0,0,0,2,0,0,28,21,212,0,1,0,0,0,0,0,0,0,0,0,51,0,0,0,0,0,0,0,0,0,0,0,0,0,0,0,0,54,0,0,0,0,0,0,0,0,0,0,0,0
158_t1_20230525,0,0,0,0,1,4,0,0,14,108,221,2,6,0,0,0,0,0,0,0,0,0,164,0,0,0,0,0,0,0,0,0,0,0,0,0,0,0,0,186,0,0,0,0,0,0,0,0,0,1,0,0
159_t1_20230616,0,0,0,0,3,6,0,0,31,22,215,0,2,0,0,0,0,0,0,0,0,0,99,0,0,0,0,0,0,0,0,0,0,0,0,0,0,0,0,358,0,0,0,0,0,0,0,0,0,0,5,0
160_t1_20230613,0,0,0,0,0,0,0,0,73,26,409,0,0,0,0,0,0,0,0,0,0,0,46,0,0,0,0,0,0,0,0,0,0,0,0,0,0,0,0,23,0,0,0,0,0,0,0,0,0,0,2,0
161_t1_20230530,0,0,0,0,0,6,0,0,108,10,151,0,1,0,0,0,0,0,0,0,0,0,15,0,0,0,0,0,0,0,0,0,0,0,0,0,0,0,0,10,0,0,0,0,0,0,0,0,0,0,34,0
162_t1_20230713,0,0,0,0,0,2,0,0,25,10,102,1,1,0,0,0,0,0,0,0,0,1,50,1,0,0,0,0,0,0,0,0,0,0,0,0,0,0,0,84,0,0,0,0,0,0,0,0,0,0,0,0
171_t1_20230706,0,0,0,0,8,733,0,0,55,16,62,0,1,0,0,0,0,0,0,0,0,0,17,2,0,0,0,0,0,0,0,0,0,0,0,0,0,0,0,202,0,0,0,0,0,0,0,0,0,0,39,0
173_t1_20230810,0,0,0,0,0,0,0,0,47,3,255,0,0,0,0,0,0,0,0,0,0,0,75,1,0,0,0,0,0,0,0,0,0,0,0,0,0,0,0,25,0,0,0,0,0,0,0,0,0,0,0,0
175_t1_17052023,0,0,0,0,0,14,0,0,48,37,314,0,0,0,0,0,0,0,0,0,0,0,3,0,0,0,0,0,0,0,0,0,0,0,0,0,0,0,0,32,0,0,0,0,0,0,0,0,0,0,0,0
177_t1_20230525,0,0,0,0,0,11,5,0,139,92,213,1,0,0,0,0,0,0,0,0,0,0,133,4,0,0,0,0,0,0,0,0,0,0,0,0,0,0,0,84,0,0,0,0,0,0,0,0,0,0,18,0
198_t1_20230621,0,0,0,0,1,21,11,1,93,37,264,0,1,0,0,0,0,0,0,0,0,2,151,12,1,0,0,0,0,0,0,0,0,0,0,0,0,0,0,165,0,0,0,0,0,0,0,0,0,0,18,0
199_t1_20230615,0,0,0,0,11,17,12,0,89,26,375,14,0,5,0,0,0,0,0,0,0,18,131,6,0,0,0,0,0,0,0,0,0,0,0,0,0,0,0,26,0,0,0,0,0,0,0,0,3,0,1,0
201_t1_20230620,0,0,0,0,0,7,0,2,70,42,233,0,0,0,0,0,0,0,0,0,0,0,9,1,0,0,0,0,0,0,0,0,0,0,0,0,0,0,0,156,0,0,0,0,0,0,0,0,0,0,1,0
202_t1_20230616,0,0,0,0,0,2,0,0,21,26,139,0,0,0,0,0,0,0,0,0,0,0,98,0,0,0,0,0,0,0,0,0,0,0,0,0,0,0,0,313,0,0,0,0,0,0,0,0,0,0,28,0
203_t1_20230605,0,0,0,0,3,2,0,0,81,124,252,1,2,0,0,0,0,0,0,0,0,0,313,1,0,0,0,0,0,0,0,0,0,0,0,0,0,0,0,320,0,0,0,0,0,0,0,0,0,1,3,0
207_t1_20230808,0,0,0,0,2,7,0,0,53,21,143,1,1,0,0,0,0,0,0,0,0,0,186,2,0,0,0,0,0,0,0,0,0,0,0,0,0,0,0,47,0,0,0,0,0,0,0,0,0,0,3,0
212_t1_20230629,0,0,0,0,1,19,0,3,39,73,332,1,0,0,0,0,0,0,0,0,0,0,5,3,0,0,0,0,0,0,0,0,0,0,0,0,0,0,0,110,0,0,0,0,0,0,0,0,0,0,1,0
213_t1_20230714,0,0,0,0,1,0,0,0,25,16,731,8,0,0,0,0,0,0,0,0,0,0,76,0,0,0,0,0,0,0,0,0,0,0,0,0,0,0,0,113,0,0,0,0,0,0,0,0,0,0,1,0
216_t1_20230817,0,0,0,0,1,17,0,0,85,24,164,0,1,0,0,0,0,0,0,0,0,1,19,1,0,0,0,0,0,0,0,0,0,0,0,0,0,0,0,20,0,0,0,0,0,0,0,0,0,0,12,0
221_t1_20230711,0,0,0,0,1,59,0,0,71,8,72,0,1,0,0,0,0,0,0,0,0,1,5,1,0,0,0,0,0,0,0,0,0,0,0,0,0,0,0,120,0,0,0,0,0,0,0,0,0,0,0,0
223_t1_20230707,0,0,0,0,1,13,1,0,97,43,92,0,4,0,0,0,0,0,0,0,0,0,397,3,0,0,0,0,0,0,0,0,0,0,0,0,0,0,0,172,0,0,0,0,0,0,0,0,0,0,86,0
226_t1_20230731,0,0,0,0,0,2,0,0,198,31,84,1,0,0,0,0,0,0,0,0,0,0,54,0,0,0,0,0,0,0,0,0,0,0,0,0,0,0,0,25,0,0,0,0,0,0,0,0,0,0,2,0
228_t1_20230727,0,0,0,0,1,9,0,0,94,13,410,0,4,0,0,0,0,0,0,0,0,0,109,0,0,0,0,0,0,0,0,0,0,0,0,0,0,0,0,113,0,0,0,0,0,0,0,0,0,0,32,0
230_t1_2023-08-16,0,0,0,0,1,17,1,0,109,51,435,0,0,0,0,0,0,0,0,0,0,0,14,1,0,0,0,0,0,0,0,0,0,0,0,0,0,0,0,79,0,0,0,0,0,0,0,0,0,0,0,0
231_t1_20230719,0,0,0,0,10,14,0,0,47,17,29,15,2,0,0,0,0,0,0,0,0,0,310,6,0,1,0,0,0,0,0,0,0,0,0,0,0,0,0,306,0,0,0,0,0,0,0,0,0,2,4,0
232_t1_20230725,0,0,0,0,0,14,0,0,18,138,267,0,6,0,0,0,0,0,0,0,0,0,145,5,0,0,0,0,0,0,0,0,0,0,0,0,0,0,0,123,0,0,0,0,0,0,0,0,0,0,1,0
239_t1_20230821,0,0,0,0,1,14,0,0,72,28,495,0,1,0,0,0,0,0,0,0,0,1,122,0,0,0,0,0,0,0,0,0,0,0,0,0,0,0,0,68,0,0,0,0,0,0,0,0,0,0,0,0
240_t1_20230815,0,0,0,0,3,125,0,0,99,65,19,3,35,0,0,0,0,0,0,0,0,1,53,16,0,0,0,0,0,0,0,0,0,0,0,0,0,0,0,111,0,0,0,0,0,0,0,0,0,0,3,0
241_t1_20230802,0,0,0,0,0,11,0,0,221,67,143,0,0,0,0,0,0,0,0,0,0,0,57,0,0,0,0,0,0,0,0,0,0,0,0,0,0,0,0,7,0,0,0,0,0,0,0,0,0,1,80,0
242_t1_20230816,0,0,0,0,4,28,0,0,212,26,273,0,0,0,0,0,0,0,0,0,0,0,139,1,0,0,0,0,0,0,0,0,0,0,0,0,0,0,0,124,0,0,0,0,0,0,0,0,0,0,2,0
245_t1_20230913,0,0,0,0,2,2,0,0,69,80,151,2,0,0,0,0,0,0,0,0,0,0,91,1,0,0,0,0,0,0,0,0,0,0,0,0,0,0,0,170,0,0,0,0,0,0,0,0,0,0,21,0
249_t1_20230824,0,0,0,0,0,30,2,0,82,12,189,0,4,0,0,0,0,0,0,0,0,0,26,0,0,0,0,0,0,0,0,0,0,0,0,0,0,0,0,147,0,0,0,0,0,0,0,0,0,0,0,0
250_t1_20230802,0,0,0,0,1,139,3,1,236,124,434,0,3,0,0,0,0,0,0,0,0,0,61,1,0,0,0,0,0,0,0,0,0,0,0,0,0,0,0,210,0,0,0,0,0,0,0,0,0,0,0,0
251_t1_20230905,0,0,0,0,2,2,1,0,10,72,104,7,0,0,0,0,0,0,0,0,0,1,295,0,0,0,0,0,0,0,0,0,0,0,0,0,0,0,0,139,0,0,0,0,0,0,0,0,0,0,1,0
251_t1_20230911_2,0,0,0,0,0,1,0,0,111,17,81,10,0,0,0,0,0,0,0,0,0,0,122,2,0,0,0,0,0,0,0,0,0,0,0,0,0,0,0,112,0,0,0,0,0,0,0,0,0,0,9,0
253_t1_20230912,0,0,0,0,1,28,1,0,19,89,53,4,2,0,0,0,0,0,0,0,0,1,89,3,0,0,0,0,0,0,0,0,0,0,0,0,0,0,0,218,0,0,0,0,0,0,0,0,0,0,16,0
254_t1_20230821,0,0,0,0,0,17,0,0,33,23,259,0,1,0,0,0,0,0,0,0,0,0,37,0,0,0,0,0,0,0,0,0,0,0,0,0,0,0,0,53,0,0,0,0,0,0,0,0,0,0,0,0
257_t1_20230825,0,0,0,0,0,1,0,0,5,15,42,0,0,0,0,0,0,0,0,0,0,0,18,0,0,0,0,0,0,0,0,0,0,0,0,0,0,0,0,12,0,0,0,0,0,0,0,0,0,0,0,0
259_t1_20230901,0,0,0,0,0,1,0,0,87,3,26,0,0,0,0,0,0,0,0,0,0,0,30,0,0,0,0,0,0,0,0,0,0,0,0,0,0,0,0,13,0,0,0,0,0,0,0,0,0,0,12,0
260_t1_20230918,0,0,0,0,1,43,0,0,118,120,110,0,0,0,0,0,0,0,0,0,0,0,243,0,0,0,0,0,0,0,0,0,0,0,0,0,0,0,0,338,0,0,0,0,0,0,0,0,0,0,6,0
261_t1_20230915,0,0,0,0,0,3,0,0,26,20,316,1,0,0,0,0,0,0,0,0,0,0,104,2,0,0,0,0,0,0,0,0,0,0,0,0,0,0,0,31,0,0,0,0,0,0,0,0,0,0,0,0
263_t1_20230921,0,0,0,0,0,38,0,0,29,128,308,0,0,0,0,0,0,0,0,0,0,0,43,0,0,0,0,0,0,0,0,0,0,0,0,0,0,0,0,148,0,0,0,0,0,0,0,0,0,0,18,0
266_t1_20230829,0,0,0,0,0,16,0,0,53,45,376,3,2,0,0,0,0,0,0,0,0,1,157,2,0,0,0,0,0,0,0,0,0,0,0,0,0,0,0,176,0,0,0,0,0,0,0,0,0,0,0,0
268_t1_20230829,0,0,0,0,0,3,0,0,20,101,328,0,0,0,0,0,0,0,0,0,0,0,51,0,0,0,0,0,0,0,0,0,0,0,0,0,0,0,0,33,0,0,0,0,0,0,0,0,0,0,0,0
269_t1_20230907,0,0,0,0,5,18,0,0,24,40,381,0,0,0,0,0,0,0,0,0,0,0,53,0,0,0,0,0,0,0,0,0,0,0,0,0,0,0,0,72,0,0,0,0,0,0,0,0,0,1,1,0
270_t1_20232922,0,0,0,0,1,0,0,0,25,12,359,0,0,0,0,0,0,0,0,0,0,0,23,0,0,0,0,0,0,0,0,0,0,0,0,0,0,0,0,16,0,0,0,0,0,0,0,0,0,0,0,0
272_t1_20230914,0,0,0,0,0,13,0,0,158,17,362,0,3,0,0,0,0,0,0,0,0,0,51,0,0,0,0,0,0,0,0,0,0,0,0,0,0,0,0,58,0,0,0,0,0,0,0,0,0,0,1,0
272_t1_20230920,0,0,0,0,1,16,9,0,199,7,219,1,4,0,0,0,0,0,0,0,0,0,53,1,0,0,0,0,0,0,0,0,0,0,0,0,0,0,0,43,0,0,0,0,0,0,0,0,0,0,0,0
273_t1_20230918,0,0,0,0,1,3,0,0,58,51,139,2,0,0,0,0,0,0,0,0,0,0,127,6,0,0,0,0,0,0,0,0,0,0,0,0,0,0,0,220,0,0,0,0,0,0,0,0,0,0,1,0
276_t1_20230926,0,0,0,0,1,0,0,0,0,0,0,0,0,0,0,0,0,0,0,0,0,0,1,0,0,0,0,0,0,0,0,0,0,0,0,0,0,0,0,0,0,0,0,0,0,0,0,0,0,0,529,0
284_t1_20231006,0,0,0,0,0,0,0,0,7,0,15,0,0,0,0,0,0,0,0,0,0,0,340,0,0,0,0,0,0,0,0,0,0,0,0,0,0,0,0,2,0,0,0,0,0,0,0,0,0,0,85,0
286_t1_20231009,0,0,0,0,1,16,2,0,52,36,294,0,0,0,0,0,0,0,0,0,0,0,57,0,0,0,0,0,0,0,0,0,0,0,0,0,0,0,0,40,0,0,0,0,0,0,0,0,0,0,1,0
287_t1_20231011,0,0,0,0,0,34,0,0,163,41,186,0,0,0,0,0,0,0,0,0,0,0,33,0,0,0,0,0,0,0,0,0,0,0,0,0,0,0,0,275,0,0,0,0,0,0,0,0,0,0,0,0
287_t1_20231018,0,0,0,0,0,11,0,0,55,41,131,0,1,0,0,0,0,0,0,0,0,0,89,0,0,0,0,0,0,0,0,0,0,0,0,0,0,0,0,375,0,0,0,0,0,0,0,0,0,0,0,0
288_t1_20231010,0,0,0,0,0,2,0,0,65,56,367,5,0,0,0,0,0,0,0,0,0,0,160,9,0,0,0,0,0,0,0,0,0,0,0,0,0,0,0,23,0,0,0,0,0,0,0,0,0,1,2,0
292_t1_20231019,0,0,0,0,0,1,0,0,11,5,434,0,0,0,0,0,0,0,0,0,0,1,25,0,0,0,0,0,0,0,0,0,0,0,0,0,0,0,0,3,0,0,0,0,0,0,0,0,0,0,0,0
295_t1_20231016,0,0,0,0,3,4,0,0,62,21,393,0,2,0,0,0,0,0,0,0,0,0,61,0,0,0,0,0,0,0,0,0,0,0,0,0,0,0,0,58,0,0,0,0,0,0,0,0,0,0,68,0
296_t1_20231012,0,0,0,0,1,0,0,0,0,30,53,0,0,0,0,0,0,0,0,0,0,0,18,0,0,0,0,0,0,0,0,0,0,0,0,0,0,0,0,623,0,0,0,0,0,0,0,0,0,0,0,0
299_t1_2023-10-13,0,0,0,0,0,2,0,0,2,17,106,1,1,0,0,0,0,0,0,0,0,0,266,3,0,0,0,0,0,0,0,0,0,0,0,0,0,0,0,122,0,0,0,0,0,0,0,0,0,0,0,0
300_t1_20231027,0,0,0,0,2,2,1,0,97,45,134,0,1,0,0,0,0,0,0,0,0,0,225,0,0,0,0,0,0,0,0,0,0,0,0,0,0,0,0,99,0,0,0,0,0,0,0,0,0,0,2,0
303_t1_20231122,0,0,0,0,0,19,1,0,25,90,140,1,1,0,0,0,0,0,0,0,0,0,112,0,0,0,0,0,0,0,0,0,0,0,0,0,0,0,0,158,0,0,0,0,0,0,0,0,0,0,3,0
306_t1_20231117,0,0,0,0,7,6,0,0,173,8,180,0,3,0,0,0,0,0,0,0,0,0,172,2,0,0,0,0,0,0,0,0,0,0,0,0,0,0,0,70,0,0,0,0,0,0,0,0,0,0,30,0
308_t1_20231004,0,0,0,0,1,0,0,0,12,19,362,0,0,0,0,0,0,0,0,0,0,0,40,0,0,0,0,0,0,0,0,0,0,0,0,0,0,0,0,17,0,0,0,0,0,0,0,0,0,0,0,0
310_t1_20231107,0,0,0,0,2,10,0,0,71,33,218,1,0,0,0,0,0,0,0,0,0,0,179,4,0,0,0,0,0,0,0,0,0,0,0,0,0,0,0,78,0,0,0,0,0,0,0,0,0,1,29,0
312_t1_20231023,0,0,0,0,1,37,1,0,105,5,78,0,0,0,0,0,0,0,0,0,0,0,56,2,0,0,0,0,0,0,0,0,0,0,0,0,0,0,0,86,0,0,0,0,0,0,0,0,0,0,190,0
315_t1_20231102,0,0,0,0,2,27,1,0,39,52,274,1,4,0,0,0,0,0,0,0,0,0,154,3,0,0,0,0,0,0,0,0,0,0,0,0,0,0,0,133,0,0,0,0,0,0,0,0,0,0,0,0
318_t1_20231121,0,0,0,0,1,12,0,0,44,82,212,0,0,0,0,0,0,0,0,0,0,0,29,0,0,0,0,0,0,0,0,0,0,0,0,0,0,0,0,96,0,0,0,0,0,0,0,0,0,0,3,0
320_t1_20231127,0,0,0,0,4,45,5,0,4,56,11,1,9,0,0,0,0,0,0,0,0,1,19,4,0,0,0,0,0,0,0,0,0,0,0,0,0,0,0,222,0,0,0,0,0,0,0,0,0,0,0,0
321_t1_20231121,0,0,0,0,4,5,0,0,8,2,121,0,0,0,0,0,0,0,0,0,0,0,397,1,1,8,0,0,0,0,0,4,0,0,0,0,0,0,0,19,0,0,0,0,0,0,0,0,0,4,90,0
324_t1_20231114,0,0,0,0,4,75,0,0,452,40,113,0,2,0,0,0,0,0,0,0,0,0,172,9,0,0,0,0,0,0,0,0,0,0,0,0,0,0,0,73,0,0,0,0,0,0,0,0,1,0,57,0
325_t1_20240125,0,0,0,0,2,22,1,0,26,179,254,5,1,0,0,0,0,0,0,0,0,0,260,3,0,0,0,0,0,0,0,0,0,0,0,0,0,0,0,175,0,0,0,0,0,0,0,0,0,0,0,0
327_t1_20231128,0,0,0,0,2,8,0,0,78,10,111,0,0,0,0,0,0,0,0,0,0,0,103,0,0,0,0,0,0,0,0,0,0,0,0,0,0,0,0,149,0,0,0,0,0,0,0,0,0,0,286,0
337_t1_20231207,0,0,0,0,2,13,0,0,60,23,224,1,0,0,0,0,0,0,0,0,0,0,10,0,0,0,0,0,0,0,0,0,0,0,0,0,0,0,0,51,0,0,0,0,0,0,0,0,0,0,0,0
338_t1_20231208,0,0,0,0,0,5,0,0,62,37,104,0,0,0,0,0,0,0,0,0,0,0,14,0,0,0,0,0,0,0,0,0,0,0,0,0,0,0,0,52,0,0,0,0,0,0,0,0,0,0,3,0
350_t1_20231117,0,0,0,0,2,11,0,0,21,58,309,1,3,0,0,0,0,0,0,0,0,0,41,1,0,0,0,0,0,0,0,0,0,0,0,0,0,0,0,177,0,0,0,0,0,0,0,0,0,0,1,0
371_t1_20231123,0,0,0,0,1,667,4,1,4,125,71,5,47,0,0,0,0,0,0,0,0,51,30,31,0,0,0,0,0,0,0,0,0,0,0,0,0,0,0,472,0,0,0,0,0,0,0,0,0,0,0,0
385_t1_20231206,0,0,0,0,0,14,0,0,135,113,121,7,0,0,0,0,0,0,0,0,0,0,171,0,0,0,0,0,0,0,0,0,0,0,0,0,0,0,0,155,0,0,0,0,0,0,0,0,0,0,5,0
386_t1_20231124,0,0,0,0,1,39,1,0,32,115,45,24,7,0,0,0,0,0,0,0,0,0,129,12,0,0,0,0,0,0,0,0,0,0,0,0,0,0,0,141,0,0,0,0,0,0,0,0,0,0,0,0
389_t1_20231108,0,0,0,0,1,5,0,0,258,26,446,0,2,0,0,0,0,0,0,0,0,0,279,0,0,0,0,0,0,0,0,0,0,0,0,0,0,0,0,228,0,0,0,0,0,0,0,0,0,0,5,0
399_t1_20240417,0,0,0,0,0,43,26,0,7,45,121,4,3,0,0,0,0,0,0,0,0,1,39,2,0,0,0,0,0,0,0,0,0,0,0,0,0,0,0,323,0,0,0,0,0,0,0,0,0,0,0,0
416_t1_20231103,0,0,0,0,3,28,0,0,4,150,240,3,1,0,0,0,0,0,0,0,0,2,76,3,0,0,0,0,0,0,0,0,0,0,0,0,0,0,0,377,0,0,0,0,0,0,0,0,0,0,0,0
417_t1_20231031,0,0,0,0,0,0,0,0,0,3,648,0,0,0,0,0,0,0,0,0,0,0,0,0,0,0,0,0,0,0,0,0,0,0,0,0,0,0,0,5,0,0,0,0,0,0,0,0,0,0,0,0
418_t1_20231116,0,0,0,0,0,3,0,0,6,42,454,0,1,0,0,0,0,0,0,0,0,1,66,1,0,0,0,0,0,0,0,0,0,0,0,0,0,0,0,71,0,0,0,0,0,0,0,0,0,0,0,0
430_t1_20231206,0,0,0,0,1,0,0,0,12,210,89,18,2,0,0,0,0,0,0,0,0,0,113,2,0,0,0,0,0,0,0,0,0,0,0,0,0,0,0,528,0,0,0,0,0,0,0,0,0,0,0,0
438_t1_20231211,0,0,0,0,1,65,0,0,239,76,291,1,2,0,0,0,0,0,0,0,0,1,228,7,0,0,0,0,0,0,0,0,0,0,0,0,0,0,0,424,0,0,0,0,0,0,0,0,0,0,3,0
439_t1_20240206,0,0,0,0,8,45,15,0,56,65,448,1,1,0,0,0,0,0,0,0,0,0,94,0,0,0,0,0,0,0,0,0,0,0,0,0,0,0,0,63,0,0,0,0,0,0,0,0,0,0,1,0
444_t1_20231212,0,0,0,0,0,2,0,0,7,71,177,0,1,0,0,0,0,0,0,0,0,0,154,0,0,0,0,0,0,0,0,0,0,0,0,0,0,0,0,114,0,0,0,0,0,0,0,0,0,0,0,0
447_t1_20231211,0,0,0,0,0,1,0,0,47,17,308,1,1,0,0,0,0,0,0,0,0,0,132,0,0,0,0,0,0,0,0,0,0,0,0,0,0,0,0,85,0,0,0,0,0,0,0,0,0,0,35,0
453_t1_20240119,0,0,0,0,0,3,0,0,3,105,237,0,0,0,0,0,0,0,0,0,0,0,68,2,0,0,0,0,0,0,0,0,0,0,0,0,0,0,0,369,0,0,0,0,0,0,0,0,0,0,0,0
459_t1_20240124,0,0,0,0,1,1,0,0,1,11,403,3,0,0,0,0,0,0,0,0,0,0,23,0,0,0,0,0,0,0,0,0,0,0,0,0,0,0,0,235,0,0,0,0,0,0,0,0,0,0,0,0
460_t1_20240108,0,0,0,0,1,5,0,0,40,18,261,0,0,0,0,0,0,0,0,0,0,5,52,0,0,0,0,0,0,0,0,0,0,0,0,0,0,0,0,22,0,0,0,0,0,0,0,0,0,0,11,0
467_t1_20231212,0,0,0,0,0,5,0,0,48,4,560,0,1,0,0,0,0,0,0,0,0,0,142,7,0,0,0,0,0,0,0,0,0,0,0,0,0,0,0,26,0,0,0,0,0,0,0,0,0,0,21,0
469_t1_20231129,0,0,0,0,1,0,0,0,12,11,192,0,1,0,0,0,0,0,0,0,0,0,48,0,0,0,0,0,0,0,0,0,0,0,0,0,0,0,0,83,0,0,0,0,0,0,0,0,0,0,1,0
471_t1_20240109,0,0,0,0,0,8,0,0,116,52,321,0,1,0,0,0,0,0,0,0,0,0,273,0,0,0,0,0,0,0,0,0,0,0,0,0,0,0,0,132,0,0,0,0,0,0,0,0,0,0,3,0
472_t1_20240108,0,0,0,0,0,22,1,0,14,83,179,3,3,0,0,0,0,0,0,0,0,1,84,1,0,0,0,0,0,0,0,0,0,0,0,0,0,0,0,141,0,0,0,0,0,0,0,0,0,0,1,0
476_t1_20240112_1,0,0,0,0,6,18,0,0,18,131,348,0,0,0,0,0,0,0,0,0,0,0,82,0,0,0,0,0,0,0,0,0,0,0,0,0,0,0,0,163,0,0,0,0,0,0,0,0,0,0,4,0
476_t1_20240119_2,0,0,0,0,0,5,0,0,4,6,58,0,0,0,0,0,0,0,0,0,0,0,65,11,0,0,0,0,0,0,0,0,0,0,0,0,0,0,0,215,0,0,0,0,0,0,0,0,0,0,0,0
482_t1_20240124,0,0,0,0,8,30,1,0,80,15,286,0,3,0,0,0,0,0,0,0,0,3,67,14,0,0,0,0,0,0,0,0,0,0,0,0,0,0,0,183,0,0,0,0,0,0,0,0,0,1,106,0
498_t1_20240430,0,0,0,0,1,13,0,0,35,15,120,0,0,0,0,0,0,0,0,0,0,0,80,4,0,0,0,0,0,0,0,0,0,0,0,0,0,0,0,423,0,0,0,0,0,0,0,0,0,0,12,0
502_t1_20240308,0,0,0,0,1,2,0,0,180,62,230,11,3,0,0,0,0,0,0,0,0,0,340,11,0,0,0,0,0,0,0,0,0,0,0,0,0,0,0,76,0,0,0,0,0,0,0,0,0,0,0,0
507_t1_20240122,0,0,0,0,1,52,2,0,273,36,409,1,3,0,0,0,0,0,0,0,0,0,171,0,0,0,0,0,0,0,0,0,0,0,0,0,0,0,0,230,0,0,0,0,0,0,0,0,0,0,8,0
511_t1_20230209,0,0,0,0,20,443,0,0,4,318,19,0,1,0,0,0,0,0,0,0,0,0,9,0,0,0,0,0,0,0,0,0,0,0,0,0,0,0,0,153,0,0,0,0,0,0,0,0,0,0,0,0
512_t1_20240131,0,0,0,0,0,0,0,0,0,2,9,1,0,0,0,0,0,0,0,0,0,0,153,1,0,0,0,0,0,0,0,0,0,0,0,0,0,0,0,232,0,0,0,0,0,0,0,0,0,0,235,0
516_t1_20240206,0,0,0,0,19,22,0,0,38,6,41,11,6,2,0,0,0,0,0,0,0,3,343,12,0,0,0,0,0,0,0,0,0,0,0,0,0,0,0,218,0,0,0,0,0,0,0,0,1,0,75,0
518_t1_20240207,0,0,0,0,1,8,0,0,172,12,366,0,0,0,0,0,0,0,0,0,0,0,110,4,0,0,0,0,0,0,0,0,0,0,0,0,0,0,0,52,0,0,0,0,0,0,0,0,0,0,56,0
535_t1_20240220,0,0,0,0,13,17,0,1,67,39,108,12,3,0,0,0,0,0,0,0,0,0,189,5,0,0,0,0,0,0,0,0,0,0,0,0,0,0,0,211,0,0,0,0,0,0,0,0,0,0,45,0
536_t1_20240221,0,0,0,0,0,5,0,0,44,58,194,3,3,0,0,0,0,0,0,0,0,0,39,5,0,0,0,0,0,0,0,0,0,0,0,0,0,0,0,64,0,0,0,0,0,0,0,0,0,1,4,0
537_t1_20240223,0,0,0,0,5,1,0,0,65,38,214,0,1,0,0,0,0,0,0,0,0,0,95,2,0,0,0,0,0,0,0,0,0,0,0,0,0,0,0,80,0,0,0,0,0,0,0,0,0,0,4,0
538_t1_20240318,0,0,0,0,2,70,1,6,9,181,209,5,13,0,0,0,0,0,0,0,0,34,109,24,0,0,0,0,0,0,0,0,0,0,0,0,0,0,0,175,0,0,0,0,0,0,0,0,0,0,6,0
540_t1_20240304,0,0,0,0,0,3,0,0,5,15,605,5,0,0,0,0,0,0,0,0,0,0,65,6,0,0,0,0,0,0,0,0,0,0,0,0,0,0,0,89,0,0,0,0,0,0,0,0,0,0,0,0
545_t1_20240306,0,0,0,0,0,1,0,0,16,12,42,0,0,0,0,0,0,0,0,0,0,0,152,11,0,0,0,0,0,0,0,0,0,0,0,0,0,0,0,38,0,0,0,0,0,0,0,0,0,0,41,0
552_t1_20240219,0,0,0,0,1,10,1,0,145,82,342,0,0,0,0,0,0,0,0,0,0,0,47,1,0,0,0,0,0,0,0,0,0,0,0,0,0,0,0,129,0,0,0,0,0,0,0,0,0,0,27,0
556_t1_20220223_02,0,0,0,0,0,7,0,0,64,52,101,5,4,0,0,0,0,0,0,0,0,0,137,9,0,0,0,0,0,0,0,0,0,0,0,0,0,0,0,306,0,0,0,0,0,0,0,0,0,1,1,0
556_t1_20240222_01,0,0,0,0,0,2,0,0,73,56,218,5,6,0,0,0,0,0,0,0,0,1,184,9,0,0,0,0,0,0,0,0,0,0,0,0,0,0,0,373,0,0,0,0,0,0,0,0,0,0,1,0
559_t1_20240207,0,0,0,0,0,9,0,0,0,12,239,0,1,0,0,0,0,0,0,0,0,0,8,0,0,0,0,0,0,0,0,0,0,0,0,0,0,0,0,104,0,0,0,0,0,0,0,0,0,0,0,0
565_t1_20240305,0,0,0,0,1,0,1,0,1,44,42,0,0,0,0,0,0,0,0,0,0,0,34,0,0,0,0,0,0,0,0,0,0,0,0,0,0,0,0,462,0,0,0,0,0,0,0,0,0,0,0,0
566_t1_20240305,0,0,0,0,1,63,0,0,27,81,273,1,37,0,0,0,0,0,0,0,0,0,52,12,0,0,0,0,0,0,0,0,0,0,0,0,0,0,0,288,0,0,0,0,0,0,0,0,0,0,0,0
567_t1_20240306,0,0,0,0,0,4,0,0,4,33,506,0,0,0,0,0,0,0,0,0,0,0,30,1,0,0,0,0,0,0,0,0,0,0,0,0,0,0,0,48,0,0,0,0,0,0,0,0,0,0,0,0
568_t1_20240307,0,0,0,0,0,14,1,1,6,63,421,6,8,0,0,0,0,0,0,0,0,3,130,10,0,0,0,0,0,0,0,0,0,0,0,0,0,0,0,194,0,0,0,0,0,0,0,0,0,0,2,0
569_t1_20240320,0,0,0,0,0,0,0,0,2,32,30,2,1,0,0,0,0,0,0,0,0,0,245,0,0,0,0,0,0,0,0,0,0,0,0,0,0,0,0,104,0,0,0,0,0,0,0,0,0,0,0,0
574_t1_20240319,0,0,0,0,1,131,0,0,44,34,66,1,4,0,0,0,0,0,0,0,0,1,26,1,0,0,0,0,0,0,0,0,0,0,0,0,0,0,0,346,0,0,0,0,0,0,0,0,0,0,0,0
576_t1_20240402,0,0,0,0,0,109,0,0,19,77,50,0,1,0,0,0,0,0,0,0,0,0,34,0,0,0,0,0,0,0,0,0,0,0,0,0,0,0,0,488,0,0,0,0,0,0,0,0,0,0,4,0
577_t1_20240419,0,0,0,0,0,19,1,0,54,10,88,0,1,0,0,0,0,0,0,0,0,0,24,0,0,0,0,0,0,0,0,0,0,0,0,0,0,0,0,22,0,0,0,0,0,0,0,0,0,0,9,0
592_t1_20240430,0,0,0,0,1,6,1,0,27,6,230,0,0,2,0,0,0,0,0,0,0,12,37,0,0,0,0,0,0,0,0,0,0,0,0,0,0,0,0,70,0,0,0,0,0,0,0,0,0,0,4,0
594_t1_20240301,0,0,0,0,2,1,0,0,56,17,31,20,1,0,0,0,0,0,0,0,0,0,76,2,0,0,0,0,0,0,0,0,0,0,0,0,0,0,0,148,0,0,0,0,0,0,0,0,0,0,0,0
597_t1_20240402,0,0,0,0,0,6,0,0,196,60,349,0,0,0,0,0,0,0,0,0,0,0,78,1,0,0,0,0,0,0,0,0,0,0,0,0,0,0,0,42,0,0,0,0,0,0,0,0,0,0,0,0
603_t1_20240418,0,0,0,0,1,2,0,0,112,44,200,0,2,0,0,0,0,0,0,0,0,0,116,0,0,0,0,0,0,0,0,0,0,0,0,0,0,0,0,113,0,0,0,0,0,0,0,0,0,0,4,0
606_t1_20240415,0,0,0,0,2,13,0,0,100,25,391,0,0,0,0,0,0,0,0,0,0,0,25,1,0,0,0,0,0,0,0,0,0,0,0,0,0,0,0,151,0,0,0,0,0,0,0,0,0,0,8,0
610_t1_20240404,0,0,0,0,1,8,0,0,338,34,531,0,2,0,0,0,0,0,0,0,0,0,76,1,0,0,0,0,0,0,0,0,0,0,0,0,0,0,0,74,0,0,0,0,0,0,0,0,0,0,2,0
611_t1_20240404,0,0,0,0,0,0,0,0,131,106,106,0,0,0,0,0,0,0,0,0,0,0,90,0,0,0,0,0,0,0,0,0,0,0,0,0,0,0,0,233,0,0,0,0,0,0,0,0,0,0,1,0
613_t1_20240417,0,0,0,0,12,64,8,3,24,42,79,12,10,0,0,0,0,0,0,0,0,5,191,19,3,0,0,0,0,0,0,0,0,0,0,0,0,0,0,212,0,0,0,0,0,0,0,0,0,0,28,0
615_t1_20240613,0,0,0,0,2,16,0,0,41,96,121,0,0,0,0,0,0,0,0,0,0,0,29,0,0,0,0,0,0,0,0,0,0,0,0,0,0,0,0,97,0,0,0,0,0,0,0,0,0,0,0,0
616_t1_20240516,0,0,0,0,0,1,0,0,5,22,119,3,1,0,0,0,0,0,0,0,0,0,189,3,0,0,0,0,0,0,0,0,0,0,0,0,0,0,0,333,0,0,0,0,0,0,0,0,0,0,1,0
624_t1_20240506,0,0,0,0,2,201,1,3,72,22,38,3,45,0,0,0,0,0,0,0,0,2,134,9,0,0,0,0,0,0,0,0,0,0,0,0,0,0,0,329,0,0,0,0,0,0,0,0,0,0,16,0
625_t1_20240508,0,0,0,0,17,13,0,0,42,236,116,1,2,0,0,0,0,0,0,0,0,0,109,1,0,0,0,0,0,0,0,0,0,0,0,0,0,0,0,252,0,0,0,0,0,0,0,0,0,0,0,0
634_t1_20240515,0,0,0,0,0,38,0,0,21,106,674,1,0,0,0,0,0,0,0,0,0,1,16,1,0,0,0,0,0,0,0,0,0,0,0,0,0,0,0,57,0,0,0,0,0,0,0,0,0,0,0,0
637_t1_20240426,0,0,0,0,3,14,0,0,85,30,79,0,1,0,0,0,0,0,0,0,0,1,81,2,0,0,0,0,0,0,0,0,0,0,0,0,0,0,0,43,0,0,0,0,0,0,0,0,0,0,19,0
640_t1_20240527,0,0,0,0,0,3,0,0,75,25,126,4,0,0,0,0,0,0,0,0,0,0,56,13,0,0,0,0,0,0,0,0,0,0,0,0,0,0,0,45,0,0,0,0,0,0,0,0,0,0,0,0
641_t1_20240531,0,0,0,0,9,21,0,0,0,0,1,0,0,0,0,0,0,0,0,0,0,1,222,59,0,0,0,0,0,0,0,0,0,0,0,0,0,0,0,106,0,0,0,0,0,0,0,0,0,0,248,0
655_t1_20240528,0,0,0,0,0,11,0,0,2,97,360,3,0,0,0,0,0,0,0,0,0,0,38,0,0,0,0,0,0,0,0,0,0,0,0,0,0,0,0,296,0,0,0,0,0,0,0,0,0,0,0,0
663_t1_20240529,0,0,0,0,93,1,0,0,0,0,0,0,0,54,0,0,0,0,0,0,0,0,0,0,0,0,0,0,0,0,0,0,0,0,0,0,0,0,0,20,0,0,0,0,0,0,0,0,0,0,944,0
664_t1_20240517,0,0,0,0,1,8,0,0,11,49,206,10,3,0,0,0,0,0,0,0,0,1,222,4,0,0,0,0,0,0,0,0,0,0,0,0,0,0,0,76,0,0,0,0,0,0,0,0,0,0,14,0
666_t1_20240604,0,0,0,0,5,40,1,9,62,56,128,6,9,0,0,0,0,0,0,0,0,2,89,4,0,0,0,0,0,0,0,0,0,0,0,0,0,0,0,340,0,0,0,0,0,0,0,0,0,0,6,0
673_t1_20240514,0,0,0,0,7,10,0,0,22,78,130,0,1,0,0,0,0,0,0,0,0,0,327,0,0,0,0,0,0,0,0,0,0,0,0,0,0,0,0,331,0,0,0,0,0,0,0,0,0,0,1,0
674_t1_20240506,0,0,0,0,1,2,0,0,12,57,150,0,0,0,0,0,0,0,0,0,0,0,242,1,0,0,0,0,0,0,0,0,0,0,0,0,0,0,0,60,0,0,0,0,0,0,0,0,0,0,0,0
683_t1_20240611,0,0,0,0,2,0,0,0,21,41,197,1,0,0,0,0,0,0,0,0,0,0,117,1,0,0,0,0,0,0,0,0,0,0,0,0,0,0,0,54,0,0,0,0,0,0,0,0,0,0,0,0
691_t1_20240517,0,0,0,0,0,2,0,0,8,49,135,2,3,0,0,0,0,0,0,0,0,0,183,3,0,0,0,0,0,0,0,0,0,0,0,0,0,0,0,240,0,0,0,0,0,0,0,0,0,0,0,0
692_t1_20240611,0,0,0,0,0,0,0,0,6,14,307,0,0,0,0,0,0,0,0,0,0,0,91,6,0,0,0,0,0,0,0,0,0,0,0,0,0,0,0,25,0,0,0,0,0,0,0,0,0,0,0,0
706_t1_20240613,0,0,0,0,0,23,0,0,114,47,253,0,3,0,0,0,0,0,0,0,0,0,133,3,0,0,0,0,0,0,0,0,0,0,0,0,0,0,0,136,0,0,0,0,0,0,0,0,0,0,0,0
720_t1_20240626,0,0,0,0,2,3,0,0,10,24,106,1,1,0,0,0,0,0,0,0,0,0,119,0,0,0,0,0,0,0,0,0,0,0,0,0,0,0,0,55,0,0,0,0,0,0,0,0,0,0,65,0
726_t1_20240709,0,0,0,0,0,0,0,0,49,19,243,0,0,0,0,0,0,0,0,0,0,0,36,0,0,0,0,0,0,0,0,0,0,0,0,0,0,0,0,28,0,0,0,0,0,0,0,0,0,0,8,0
729_t1_20240903,0,0,0,0,3,87,1,0,23,40,98,0,2,0,0,0,0,0,0,0,0,1,132,4,0,0,0,0,0,0,0,0,0,0,0,0,0,0,0,293,0,0,0,0,0,0,0,0,0,1,6,0
731_t1_20240710,0,0,0,0,2,6,0,0,45,57,469,3,13,0,0,0,0,0,0,0,0,3,225,12,0,0,0,0,0,0,0,0,0,0,0,0,0,0,0,191,0,0,0,0,0,0,0,0,0,1,0,0
732_t1_20240807,0,0,0,0,2,128,31,0,94,19,125,5,24,1,0,0,0,0,0,0,0,0,41,7,0,0,0,0,0,0,0,0,0,0,0,0,0,0,0,144,0,0,0,0,0,0,0,0,0,0,2,0
735_t1_20240712,0,0,0,0,0,99,0,0,61,33,100,0,16,0,0,0,0,0,0,0,0,15,8,17,0,0,0,0,0,0,0,0,0,0,0,0,0,0,0,95,0,0,0,0,0,0,0,0,0,0,0,0
742_t1_20240711,0,0,0,0,3,12,0,0,131,36,282,2,0,0,0,0,0,0,0,0,0,0,193,1,0,0,0,0,0,0,0,0,0,0,0,0,0,0,0,211,0,0,0,0,0,0,0,0,0,0,76,0
745_t1_20240830,0,0,0,0,5,10,0,0,111,7,286,0,1,0,0,0,0,0,0,0,0,0,49,2,0,0,0,0,0,0,0,0,0,0,0,0,0,0,0,26,0,0,0,0,0,0,0,0,0,0,100,0
753_t1_20240611,0,0,0,0,2,6,0,0,64,10,415,0,0,0,0,0,0,0,0,0,0,4,50,0,0,0,0,0,0,0,0,0,0,0,0,0,0,0,0,17,0,0,0,0,0,0,0,0,0,0,9,0
756_t1_20240806,0,0,0,0,4,51,0,0,283,41,150,0,0,0,0,0,0,0,0,0,0,0,89,1,0,0,0,0,0,0,0,0,0,0,0,0,0,0,0,132,0,0,0,0,0,0,0,0,0,0,88,0
760_t1_20240807,0,0,0,0,2,3,0,0,29,37,258,0,0,0,0,0,0,0,0,0,0,0,209,0,0,0,0,0,0,0,0,0,0,0,0,0,0,0,0,150,0,0,0,0,0,0,0,0,0,0,1,0
763_t1_20240726,0,0,0,0,6,3,0,0,2,17,73,1,1,0,0,0,0,0,0,0,0,0,496,26,0,0,0,0,0,0,0,0,0,0,0,0,0,0,0,79,0,0,0,0,0,0,0,0,0,1,0,0
769_t1_20240807,0,0,0,0,1,6,0,0,47,3,454,1,0,0,0,0,0,0,0,0,0,0,9,0,0,0,0,0,0,0,0,0,0,0,0,0,0,0,0,13,0,0,0,0,0,0,0,0,0,0,0,0
770_t1_20240819,0,0,0,0,1,22,2,0,79,8,110,1,3,0,0,0,0,0,0,0,0,0,78,3,0,0,0,0,0,0,0,0,0,0,0,0,0,0,0,197,0,0,0,0,0,0,0,0,0,0,17,0
783_t1_20241017,0,0,0,0,0,0,0,0,24,5,238,2,0,0,0,0,0,0,0,0,0,0,30,2,0,0,0,0,0,0,0,0,0,0,0,0,0,0,0,34,0,0,0,0,0,0,0,0,0,0,0,0
788_t1_20241022,0,0,0,0,0,0,0,0,0,0,0,0,0,0,0,0,0,0,0,0,0,0,155,0,0,0,0,0,0,0,0,0,0,0,0,0,0,0,0,0,0,0,0,0,0,0,0,0,0,0,279,0
792_t1_20240708,0,0,0,0,2,31,0,2,79,57,107,13,2,0,0,0,0,0,0,1,0,5,182,3,0,0,0,0,0,0,0,0,0,0,0,0,0,0,0,125,0,0,0,0,0,0,0,0,0,0,10,0
795_t1_20240925,0,0,0,0,8,10,0,0,28,2,507,0,0,6,0,0,0,0,0,0,0,28,24,5,0,0,0,0,0,0,0,0,0,0,0,0,0,0,0,14,0,0,0,0,0,0,0,0,0,0,0,0
806_t1_20240708,0,0,0,0,4,7,0,0,129,82,334,12,1,0,0,0,0,0,0,0,0,2,199,5,1,0,0,0,0,0,0,0,0,0,0,0,0,0,0,144,0,0,0,0,0,0,0,0,0,4,1,0
845_t1_20240624,0,0,0,0,0,4,0,0,23,32,104,0,0,0,0,0,0,0,0,0,0,1,178,0,0,0,0,0,0,0,0,0,0,0,0,0,0,0,0,99,0,0,0,0,0,0,0,0,0,0,3,0
846_t1_20240627,0,0,0,0,2,5,0,0,84,22,230,1,0,0,0,0,0,0,0,0,0,5,15,0,0,0,0,0,0,0,0,0,0,0,0,0,0,0,0,183,0,0,0,0,0,0,0,0,0,0,26,0
851_t1_20240806,0,0,0,0,1,2,0,0,27,6,77,0,0,0,0,0,0,0,0,0,0,0,400,7,0,0,0,0,0,0,0,0,0,0,0,0,0,0,0,47,0,0,0,0,0,0,0,0,0,1,251,0
856_t1_20241127,0,0,0,0,0,1,0,0,12,27,140,0,1,0,0,0,0,0,0,0,0,0,133,0,0,0,0,0,0,0,0,0,0,0,0,0,0,0,0,25,0,0,0,0,0,0,0,0,0,0,0,0
857_t1_20240917,1,0,0,0,0,186,2,4,16,208,64,3,9,0,0,0,0,0,0,0,0,25,9,5,0,0,0,0,0,0,0,0,0,0,0,0,0,0,0,162,0,0,0,0,0,0,0,0,0,0,0,0
858_t1_20241114,0,0,0,0,1,18,0,0,155,28,101,9,1,0,0,0,0,0,0,0,0,1,74,9,0,0,0,0,0,0,0,0,0,0,0,0,0,0,0,95,0,0,0,0,0,0,0,0,0,2,3,0
859_t1_20240809,0,0,0,0,0,4,0,0,85,30,128,0,0,0,0,0,0,0,0,0,0,0,80,2,0,0,0,0,0,0,0,0,0,0,0,0,0,0,0,132,0,0,0,0,0,0,0,0,0,0,6,0
861_t1_20241129,0,0,0,0,2,17,0,0,43,73,166,10,3,0,0,0,0,0,0,0,0,0,120,1,0,0,0,0,0,0,0,0,0,0,0,0,0,0,0,179,0,0,0,0,0,0,0,0,1,2,1,0
865_t1_20240819,0,0,0,0,1,1,0,0,20,7,61,3,1,0,0,0,0,0,0,0,0,1,40,1,0,0,0,0,0,0,0,0,0,0,0,0,0,0,0,301,0,0,0,0,0,0,0,0,0,0,0,0
866_t1_20241022,0,0,0,0,0,4,0,0,61,9,292,0,0,0,0,0,0,0,0,0,0,0,28,0,0,0,0,0,0,0,0,0,0,0,0,0,0,0,0,13,0,0,0,0,0,0,0,0,0,0,0,0
873_t1_20241105,0,0,0,0,0,15,4,4,57,22,397,0,5,0,0,0,0,0,0,0,0,0,10,4,0,0,0,0,0,0,0,0,0,0,0,0,0,0,0,40,0,0,0,0,0,0,0,0,0,0,0,0
875_t1_20240809,0,0,0,0,0,2,0,0,32,34,111,0,0,0,0,0,0,0,0,0,0,0,141,4,0,0,0,0,0,0,0,0,0,0,0,0,0,0,0,91,0,0,0,0,0,0,0,0,0,0,0,0
877_t1_20241023,0,0,0,0,1,8,0,0,49,78,224,31,8,0,0,0,0,0,0,0,0,2,91,3,0,0,0,0,0,0,0,0,0,0,0,0,0,0,0,131,0,0,0,0,0,0,0,0,0,0,0,0
887_t1_20241022,0,0,0,0,0,8,0,0,28,24,245,0,0,0,0,0,0,0,0,0,0,0,139,6,0,0,0,0,0,0,0,0,0,0,0,0,0,0,0,143,0,0,0,0,0,0,0,0,0,0,4,0
906_t1_20240923,0,0,0,0,0,0,0,0,8,16,363,0,0,0,0,0,0,0,0,0,0,0,6,0,0,0,0,0,0,0,0,0,0,0,0,0,0,0,0,36,0,0,0,0,0,0,0,0,0,0,0,0
910_t1_20241021,0,0,0,0,2,12,1,1,50,27,514,1,2,0,0,0,0,0,0,0,0,0,53,7,0,0,0,0,0,0,0,0,0,0,0,0,0,0,0,62,0,0,0,0,0,0,0,0,0,1,1,0
929_t1_20241030,0,0,0,0,0,0,0,0,7,7,52,0,0,0,0,0,0,0,0,0,0,0,113,1,0,0,0,0,0,0,0,0,0,0,0,0,0,0,0,157,0,0,0,0,0,0,0,0,0,0,7,0
932_t1_20241007,0,0,0,0,2,4,0,0,72,6,449,1,1,0,0,0,0,0,0,0,0,2,89,1,0,0,0,0,0,0,0,0,0,0,0,0,0,0,0,131,0,0,0,0,0,0,0,0,0,0,2,0
933_t1_20240902,0,0,0,0,1,5,0,0,17,4,157,0,0,0,0,0,0,0,0,0,0,0,67,0,0,0,0,0,0,0,0,0,0,0,0,0,0,0,0,91,0,0,0,0,0,0,0,0,0,0,4,0
935_t1_20240920,0,0,0,0,0,54,0,0,21,0,363,0,0,0,0,0,0,0,0,0,0,0,0,0,0,0,0,0,0,0,0,0,0,0,0,0,0,0,0,276,0,0,0,0,0,0,0,0,0,0,1,0
940_t1_20240919,0,0,0,0,2,8,0,0,54,64,211,0,0,0,0,0,0,0,0,0,0,0,83,0,0,0,0,0,0,0,0,0,0,0,0,0,0,0,0,61,0,0,0,0,0,0,0,0,0,0,1,0
952_t1_20241009,0,0,0,0,0,1,1,0,62,44,352,0,0,0,0,0,0,0,0,0,0,0,21,0,0,0,0,0,0,0,0,0,0,0,0,0,0,0,0,36,0,0,0,0,0,0,0,0,0,0,0,0
954_t1_20241016,0,0,0,0,1,30,0,0,127,165,36,0,2,0,0,0,0,0,0,0,0,0,115,0,0,0,0,0,0,0,0,0,0,0,0,0,0,0,0,196,0,0,0,0,0,0,0,0,0,1,0,0
955_t1_20240911,0,0,0,0,0,88,0,0,15,64,35,3,4,0,0,0,0,0,0,0,0,0,31,5,0,0,0,0,0,0,0,0,0,0,0,0,0,0,0,253,0,0,0,0,0,0,0,0,0,0,0,0
970_t1_20241014,0,0,0,0,1,1,0,0,81,54,667,0,0,0,0,0,0,0,0,0,0,1,115,1,0,0,0,0,0,0,0,0,0,0,0,0,0,0,0,31,0,0,0,0,0,0,0,0,0,0,9,0
982_t1_20241113,0,0,0,0,2,5,0,0,87,14,199,1,2,0,0,0,0,0,0,0,0,0,51,1,0,0,0,0,0,0,0,0,0,0,0,0,0,0,0,62,0,0,0,0,0,0,0,0,0,0,0,0
984_t1_20241106,0,0,0,0,1,4,0,0,53,5,308,4,3,0,0,0,0,0,0,0,0,1,299,8,0,0,0,0,0,0,0,0,0,0,0,0,0,0,0,331,0,0,0,0,0,0,0,0,0,0,5,0
987_t1_20241203,0,0,0,0,2,38,1,0,54,63,308,0,1,0,0,0,0,0,0,0,0,0,168,0,0,0,0,0,0,0,0,0,0,0,0,0,0,0,0,169,0,0,0,0,0,0,0,0,0,0,2,0
992_t1_20241119,0,0,0,0,0,5,0,3,77,72,485,0,1,0,0,0,0,0,0,0,0,0,6,0,0,0,0,0,0,0,0,0,0,0,0,0,0,0,0,26,0,0,0,0,0,0,0,0,0,0,0,0
